FEN,Outcome
rnbqkbnr/pppppppp/8/8/8/8/PPPPPPPP/RNBQKBNR w - - 0 1,0.5
rnbqkbnr/pppppppp/8/8/8/2N5/PPPPPPPP/R1BQKBNR b - - 0 1,0.5
r1bqkbnr/pppppppp/2n5/8/8/2N5/PPPPPPPP/R1BQKBNR w - - 0 1,0.5
r1bqkbnr/pppppppp/2n5/8/8/2N2N2/PPPPPPPP/R1BQKB1R b - - 0 1,0.5
r1bqkb1r/pppppppp/2n2n2/8/8/2N2N2/PPPPPPPP/R1BQKB1R w - - 0 1,0.5
r1bqkb1r/pppppppp/2n2n2/8/4P3/2N2N2/PPPP1PPP/R1BQKB1R b - - 0 1,0.5
r1bqkb1r/pppppppp/2n5/8/4n3/2N2N2/PPPP1PPP/R1BQKB1R w - - 0 1,0.5
r1bqkb1r/pppppppp/2n5/8/4N3/5N2/PPPP1PPP/R1BQKB1R b - - 0 1,0.5
r1bqkb1r/ppp1pppp/2n5/3p4/4N3/5N2/PPPP1PPP/R1BQKB1R w - - 0 1,0.5
r1bqkb1r/ppp1pppp/2n5/3p4/8/2N2N2/PPPP1PPP/R1BQKB1R b - - 0 1,0.5
r1bqkb1r/ppp2ppp/2n5/3pp3/8/2N2N2/PPPP1PPP/R1BQKB1R w - - 0 1,0.5
r1bqkb1r/ppp2ppp/2n5/3Np3/8/5N2/PPPP1PPP/R1BQKB1R b - - 0 1,0.5
r1b1kb1r/ppp2ppp/2n5/3qp3/8/5N2/PPPP1PPP/R1BQKB1R w - - 0 1,0.5
r1b1kb1r/ppp2ppp/2n5/3qN3/8/8/PPPP1PPP/R1BQKB1R b - - 0 1,0.5
r1b1kb1r/ppp2ppp/8/3qn3/8/8/PPPP1PPP/R1BQKB1R w - - 0 1,0.5
r1b1kb1r/ppp2ppp/8/3qn3/3P4/8/PPP2PPP/R1BQKB1R b - - 0 1,0.5
r1b1kb1r/ppp2ppp/8/4n3/3q4/8/PPP2PPP/R1BQKB1R w - - 0 1,0.5
r1b1kb1r/ppp2ppp/8/4n3/3Q4/8/PPP2PPP/R1B1KB1R b - - 0 1,0.5
r1b1kb1r/1pp2ppp/p7/4n3/3Q4/8/PPP2PPP/R1B1KB1R w - - 0 1,0.5
r1b1kb1r/1pp2ppp/p7/4Q3/8/8/PPP2PPP/R1B1KB1R b - - 0 1,0.5
r3kb1r/1pp2ppp/p3b3/4Q3/8/8/PPP2PPP/R1B1KB1R w - - 0 1,0.5
r3kb1r/1pp2ppp/p3b3/Q7/8/8/PPP2PPP/R1B1KB1R b - - 0 1,0.5
r3kb1r/1pp2ppp/p7/Q7/8/8/bPP2PPP/R1B1KB1R w - - 0 1,0.5
r3kb1r/1pp2ppp/p7/Q7/8/4B3/bPP2PPP/R3KB1R b - - 0 1,0.5
r3kb1r/1pp2ppp/p3b3/Q7/8/4B3/1PP2PPP/R3KB1R w - - 0 1,0.5
r3kb1r/1pp2ppp/p3b3/QB6/8/4B3/1PP2PPP/R3K2R b - - 0 1,0.5
r3kb1r/1pp2ppp/4b3/Qp6/8/4B3/1PP2PPP/R3K2R w - - 0 1,0.5
Q3kb1r/1pp2ppp/4b3/1p6/8/4B3/1PP2PPP/R3K2R b - - 0 1,0.5
Q1b1kb1r/1pp2ppp/8/1p6/8/4B3/1PP2PPP/R3K2R w - - 0 1,0.5
2Q1kb1r/1pp2ppp/8/1p6/8/4B3/1PP2PPP/R3K2R b - - 0 1,0.5
2Q2b1r/1pp1kppp/8/1p6/8/4B3/1PP2PPP/R3K2R w - - 0 1,0.5
5Q1r/1pp1kppp/8/1p6/8/4B3/1PP2PPP/R3K2R b - - 0 1,0.5
5r2/1pp1kppp/8/1p6/8/4B3/1PP2PPP/R3K2R w - - 0 1,0.5
5r2/1pp1kppp/8/1p6/8/4B3/1PPK1PPP/R6R b - - 0 1,0.5
5r2/1pp1kpp1/8/1p5p/8/4B3/1PPK1PPP/R6R w - - 0 1,0.5
5r2/1pp1kpp1/8/1p5p/8/4B2P/1PPK1PP1/R6R b - - 0 1,0.5
5r2/1pp1kpp1/8/1p6/7p/4B2P/1PPK1PP1/R6R w - - 0 1,0.5
5r2/1pp1kpp1/8/Rp6/7p/4B2P/1PPK1PP1/7R b - - 0 1,0.5
5r2/1pp1kpp1/8/R7/1p5p/4B2P/1PPK1PP1/7R w - - 0 1,0.5
5r2/1pp1kpp1/1B6/R7/1p5p/7P/1PPK1PP1/7R b - - 0 1,0.5
5r2/1p2kpp1/1p6/R7/1p5p/7P/1PPK1PP1/7R w - - 0 1,0.5
5r2/1p2kpp1/1p6/R7/1p5p/4K2P/1PP2PP1/7R b - - 0 1,0.5
5r2/1p2kpp1/8/p7/1p5p/4K2P/1PP2PP1/7R w - - 0 1,0.5
5r2/1p2kpp1/8/p7/1p5p/4K2P/1PP2PP1/1R6 b - - 0 1,0.5
3r4/1p2kpp1/8/p7/1p5p/4K2P/1PP2PP1/1R6 w - - 0 1,0.5
3r4/1p2kpp1/8/p7/1p2K2p/7P/1PP2PP1/1R6 b - - 0 1,0.5
3r4/1p2kpp1/8/p7/4K2p/1p5P/1PP2PP1/1R6 w - - 0 1,0.5
3r4/1p2kpp1/8/p7/4K2p/1P5P/1P3PP1/1R6 b - - 0 1,0.5
3r4/1p2kpp1/8/8/p3K2p/1P5P/1P3PP1/1R6 w - - 0 1,0.5
3r4/1p2kpp1/8/8/P3K2p/7P/1P3PP1/1R6 b - - 0 1,0.5
8/1p2kpp1/8/8/P2rK2p/7P/1P3PP1/1R6 w - - 0 1,0.5
8/1p2kpp1/8/8/P2K3p/7P/1P3PP1/1R6 b - - 0 1,0.5
8/1p3pp1/5k2/8/P2K3p/7P/1P3PP1/1R6 w - - 0 1,0.5
8/1p3pp1/5k2/3K4/P6p/7P/1P3PP1/1R6 b - - 0 1,0.5
8/1p3pp1/6k1/3K4/P6p/7P/1P3PP1/1R6 w - - 0 1,0.5
8/1p3pp1/6k1/P2K4/7p/7P/1P3PP1/1R6 b - - 0 1,0.5
8/1p3pp1/7k/P2K4/7p/7P/1P3PP1/1R6 w - - 0 1,0.5
8/1p3pp1/P6k/3K4/7p/7P/1P3PP1/1R6 b - - 0 1,0.5
8/5pp1/p6k/3K4/7p/7P/1P3PP1/1R6 w - - 0 1,0.5
8/5pp1/p6k/3K4/7p/7P/1P3PP1/2R5 b - - 0 1,0.5
8/5pp1/p7/3K2k1/7p/7P/1P3PP1/2R5 w - - 0 1,0.5
8/5pp1/p7/3K2k1/7p/7P/1P3PP1/7R b - - 0 1,0.5
8/5pp1/p4k2/3K4/7p/7P/1P3PP1/7R w - - 0 1,0.5
8/5pp1/p1K2k2/8/7p/7P/1P3PP1/7R b - - 0 1,0.5
8/5pp1/p1K5/5k2/7p/7P/1P3PP1/7R w - - 0 1,0.5
8/3K1pp1/p7/5k2/7p/7P/1P3PP1/7R b - - 0 1,0.5
8/3K1pp1/8/5k2/p6p/7P/1P3PP1/7R w - - 0 1,0.5
8/3K1pp1/8/5k2/p6p/7P/1P3PP1/5R2 b - - 0 1,0.5
8/3K1pp1/8/5k2/7p/p6P/1P3PP1/5R2 w - - 0 1,0.5
8/3K1pp1/8/5k2/7p/p4P1P/1P4P1/5R2 b - - 0 1,0.5
8/3K1pp1/8/5k2/7p/5P1P/1p4P1/5R2 w - - 0 1,0.5
8/3K1pp1/8/5k2/5P1p/7P/1p4P1/5R2 b - - 0 1,0.5
8/3K1pp1/8/5k2/5P1p/7P/6P1/1q3R2 w - - 0 1,0.5
8/3K1pp1/8/5k2/5P1p/7P/6P1/1R6 b - - 0 1,0.5
8/3K1pp1/8/8/5k1p/7P/6P1/1R6 w - - 0 1,0.5
8/3K1pp1/8/8/5k1p/7P/6P1/5R2 b - - 0 1,0.5
8/3K1pp1/8/8/4k2p/7P/6P1/5R2 w - - 0 1,0.5
8/3K1Rp1/8/8/4k2p/7P/6P1/8 b - - 0 1,0.5
8/3K1Rp1/8/4k3/7p/7P/6P1/8 w - - 0 1,0.5
8/3K2R1/8/4k3/7p/7P/6P1/8 b - - 0 1,0.5
8/3K2R1/5k2/8/7p/7P/6P1/8 w - - 0 1,0.5
8/3K4/5k2/8/7p/6RP/6P1/8 b - - 0 1,0.5
8/3K4/5k2/8/8/6pP/6P1/8 w - - 0 1,0.5
2K5/8/5k2/8/8/6pP/6P1/8 b - - 0 1,0.5
2K5/5k2/8/8/8/6pP/6P1/8 w - - 0 1,0.5
3K4/5k2/8/8/8/6pP/6P1/8 b - - 0 1,0.5
3K4/8/6k1/8/8/6pP/6P1/8 w - - 0 1,0.5
8/2K5/6k1/8/8/6pP/6P1/8 b - - 0 1,0.5
8/2K4k/8/8/8/6pP/6P1/8 w - - 0 1,0.5
8/7k/3K4/8/8/6pP/6P1/8 b - - 0 1,0.5
7k/8/3K4/8/8/6pP/6P1/8 w - - 0 1,0.5
7k/8/2K5/8/8/6pP/6P1/8 b - - 0 1,0.5
8/6k1/2K5/8/8/6pP/6P1/8 w - - 0 1,0.5
8/6k1/8/1K6/8/6pP/6P1/8 b - - 0 1,0.5
8/8/6k1/1K6/8/6pP/6P1/8 w - - 0 1,0.5
8/8/6k1/K7/8/6pP/6P1/8 b - - 0 1,0.5
8/8/8/K5k1/8/6pP/6P1/8 w - - 0 1,0.5
8/8/8/6k1/1K6/6pP/6P1/8 b - - 0 1,0.5
8/8/8/5k2/1K6/6pP/6P1/8 w - - 0 1,0.5
8/8/8/5k2/8/2K3pP/6P1/8 b - - 0 1,0.5
8/8/8/6k1/8/2K3pP/6P1/8 w - - 0 1,0.5
8/8/8/6k1/8/6pP/2K3P1/8 b - - 0 1,0.5
8/8/8/7k/8/6pP/2K3P1/8 w - - 0 1,0.5
8/8/8/7k/8/6pP/6P1/3K4 b - - 0 1,0.5
8/8/6k1/8/8/6pP/6P1/3K4 w - - 0 1,0.5
8/8/6k1/8/7P/6p1/6P1/3K4 b - - 0 1,0.5
8/8/8/5k2/7P/6p1/6P1/3K4 w - - 0 1,0.5
8/8/8/5k1P/8/6p1/6P1/3K4 b - - 0 1,0.5
8/8/5k2/7P/8/6p1/6P1/3K4 w - - 0 1,0.5
8/8/5k1P/8/8/6p1/6P1/3K4 b - - 0 1,0.5
8/5k2/7P/8/8/6p1/6P1/3K4 w - - 0 1,0.5
8/5k1P/8/8/8/6p1/6P1/3K4 b - - 0 1,0.5
8/7P/4k3/8/8/6p1/6P1/3K4 w - - 0 1,0.5
7Q/8/4k3/8/8/6p1/6P1/3K4 b - - 0 1,0.5
7Q/8/8/3k4/8/6p1/6P1/3K4 w - - 0 1,0.5
7Q/8/8/3k4/8/6p1/6P1/2K5 b - - 0 1,0.5
7Q/8/8/8/4k3/6p1/6P1/2K5 w - - 0 1,0.5
7Q/8/8/8/4k3/6p1/1K4P1/8 b - - 0 1,0.5
7Q/8/8/3k4/8/6p1/1K4P1/8 w - - 0 1,0.5
8/8/8/3k4/8/2Q3p1/1K4P1/8 b - - 0 1,0.5
8/8/8/8/4k3/2Q3p1/1K4P1/8 w - - 0 1,0.5
8/8/8/8/4k3/6Q1/1K4P1/8 b - - 0 1,0.5
8/8/8/8/3k4/6Q1/1K4P1/8 w - - 0 1,0.5
8/8/8/8/3k3Q/8/1K4P1/8 b - - 0 1,0.5
8/8/8/4k3/7Q/8/1K4P1/8 w - - 0 1,0.5
8/8/7Q/4k3/8/8/1K4P1/8 b - - 0 1,0.5
8/8/7Q/5k2/8/8/1K4P1/8 w - - 0 1,0.5
8/8/1Q6/5k2/8/8/1K4P1/8 b - - 0 1,0.5
8/8/1Q6/8/5k2/8/1K4P1/8 w - - 0 1,0.5
8/8/8/8/5k2/8/1K3QP1/8 b - - 0 1,0.5
8/8/8/8/4k3/8/1K3QP1/8 w - - 0 1,0.5
8/8/8/8/4k3/1K6/5QP1/8 b - - 0 1,0.5
8/8/8/4k3/8/1K6/5QP1/8 w - - 0 1,0.5
8/8/8/4k3/2K5/8/5QP1/8 b - - 0 1,0.5
8/8/3k4/8/2K5/8/5QP1/8 w - - 0 1,0.5
8/5Q2/3k4/8/2K5/8/6P1/8 b - - 0 1,0.5
8/5Q2/8/4k3/2K5/8/6P1/8 w - - 0 1,0.5
8/8/5Q2/4k3/2K5/8/6P1/8 b - - 0 1,0.5
8/8/5k2/8/2K5/8/6P1/8 w - - 0 1,0.5
8/8/5k2/8/8/2K5/6P1/8 b - - 0 1,0.5
8/8/8/4k3/8/2K5/6P1/8 w - - 0 1,0.5
8/8/8/4k3/1K6/8/6P1/8 b - - 0 1,0.5
8/8/8/3k4/1K6/8/6P1/8 w - - 0 1,0.5
8/8/8/3k4/K7/8/6P1/8 b - - 0 1,0.5
8/8/3k4/8/K7/8/6P1/8 w - - 0 1,0.5
8/8/3k4/K7/8/8/6P1/8 b - - 0 1,0.5
8/2k5/8/K7/8/8/6P1/8 w - - 0 1,0.5
8/2k5/8/1K6/8/8/6P1/8 b - - 0 1,0.5
8/3k4/8/1K6/8/8/6P1/8 w - - 0 1,0.5
8/3k4/8/8/K7/8/6P1/8 b - - 0 1,0.5
rnbqkbnr/pppppppp/8/8/8/8/PPPPPPPP/RNBQKBNR w - - 0 1,0.5
rnbqkbnr/pppppppp/8/8/8/2N5/PPPPPPPP/R1BQKBNR b - - 0 1,0.5
rnbqkb1r/pppppppp/5n2/8/8/2N5/PPPPPPPP/R1BQKBNR w - - 0 1,0.5
rnbqkb1r/pppppppp/5n2/8/8/2N2N2/PPPPPPPP/R1BQKB1R b - - 0 1,0.5
r1bqkb1r/pppppppp/2n2n2/8/8/2N2N2/PPPPPPPP/R1BQKB1R w - - 0 1,0.5
r1bqkb1r/pppppppp/2n2n2/8/4P3/2N2N2/PPPP1PPP/R1BQKB1R b - - 0 1,0.5
r1bqkb1r/pppppppp/2n5/8/4n3/2N2N2/PPPP1PPP/R1BQKB1R w - - 0 1,0.5
r1bqkb1r/pppppppp/2n5/8/4N3/5N2/PPPP1PPP/R1BQKB1R b - - 0 1,0.5
r1bqkb1r/pppp1ppp/2n5/4p3/4N3/5N2/PPPP1PPP/R1BQKB1R w - - 0 1,0.5
r1bqkb1r/pppp1ppp/2n5/4N3/4N3/8/PPPP1PPP/R1BQKB1R b - - 0 1,0.5
r1bqkb1r/pppp1ppp/8/4n3/4N3/8/PPPP1PPP/R1BQKB1R w - - 0 1,0.5
r1bqkb1r/pppp1ppp/8/4n3/3PN3/8/PPP2PPP/R1BQKB1R b - - 0 1,0.5
r1bqkb1r/ppp2ppp/8/3pn3/3PN3/8/PPP2PPP/R1BQKB1R w - - 0 1,0.5
r1bqkb1r/ppp2ppp/8/3pP3/4N3/8/PPP2PPP/R1BQKB1R b - - 0 1,0.5
r1bq1b1r/ppp1kppp/8/3pP3/4N3/8/PPP2PPP/R1BQKB1R w - - 0 1,0.5
r1bq1b1r/ppp1kppp/8/3QP3/4N3/8/PPP2PPP/R1B1KB1R b - - 0 1,0.5
r1b2b1r/ppp1kppp/8/3qP3/4N3/8/PPP2PPP/R1B1KB1R w - - 0 1,0.5
r1b2b1r/ppp1kppp/4P3/3q4/4N3/8/PPP2PPP/R1B1KB1R b - - 0 1,0.5
r1b2b1r/ppp1kppp/4P3/8/4q3/8/PPP2PPP/R1B1KB1R w - - 0 1,0.5
r1b2b1r/ppp1kppp/4P3/8/4q3/8/PPP1BPPP/R1B1K2R b - - 0 1,0.5
r1b2b1r/ppp2ppp/4k3/8/4q3/8/PPP1BPPP/R1B1K2R w - - 0 1,0.5
r1b2b1r/ppp2ppp/4k3/8/4q3/8/PPP1BPPP/R1B2RK1 b - - 0 1,0.5
r1b2b1r/ppp2ppp/4k3/8/8/8/PPP1qPPP/R1B2RK1 w - - 0 1,0.5
r1b2b1r/ppp2ppp/4k3/8/8/P7/1PP1qPPP/R1B2RK1 b - - 0 1,0.5
r1b2b1r/ppp2ppp/8/4k3/8/P7/1PP1qPPP/R1B2RK1 w - - 0 1,0.5
r1b2b1r/ppp2ppp/8/4k1B1/8/P7/1PP1qPPP/R4RK1 b - - 0 1,0.5
r1b2b1r/ppp2ppp/8/6B1/4k3/P7/1PP1qPPP/R4RK1 w - - 0 1,0.5
r1b2b1r/ppp2ppp/8/6B1/4k3/P7/1PP1qPPP/1R3RK1 b - - 0 1,0.5
r1b2b1r/ppp2ppp/8/6B1/4k3/P7/1Pq2PPP/1R3RK1 w - - 0 1,0.5
r1b2b1r/ppp2ppp/5B2/8/4k3/P7/1Pq2PPP/1R3RK1 b - - 0 1,0.5
r1b2b1r/ppp2ppp/5B2/8/4k3/P7/1P3PPP/1q3RK1 w - - 0 1,0.5
r1b2b1r/ppp2ppp/5B2/8/4k3/P7/1P3PPP/1R4K1 b - - 0 1,0.5
r1b2b1r/ppp2p1p/5p2/8/4k3/P7/1P3PPP/1R4K1 w - - 0 1,0.5
r1b2b1r/ppp2p1p/5p2/8/4k3/P7/1P3PPP/1R3K2 b - - 0 1,0.5
r1b4r/ppp2p1p/5p2/8/4k3/b7/1P3PPP/1R3K2 w - - 0 1,0.5
r1b4r/ppp2p1p/5p2/8/4k3/P7/5PPP/1R3K2 b - - 0 1,0.5
r1b4r/ppp2p1p/8/8/4kp2/P7/5PPP/1R3K2 w - - 0 1,0.5
r1b4r/pRp2p1p/8/8/4kp2/P7/5PPP/5K2 b - - 0 1,0.5
r6r/pbp2p1p/8/8/4kp2/P7/5PPP/5K2 w - - 0 1,0.5
r6r/pbp2p1p/8/8/4kp2/P6P/5PP1/5K2 b - - 0 1,0.5
r6r/pbp2p1p/8/4k3/5p2/P6P/5PP1/5K2 w - - 0 1,0.5
r6r/pbp2p1p/8/4k3/5p2/P4P1P/6P1/5K2 b - - 0 1,0.5
r6r/p1p2p1p/2b5/4k3/5p2/P4P1P/6P1/5K2 w - - 0 1,0.5
r6r/p1p2p1p/2b5/4k3/5p2/P4P1P/4K1P1/8 b - - 0 1,0.5
r6r/p1p2p1p/8/4k3/5p2/P4b1P/4K1P1/8 w - - 0 1,0.5
r6r/p1p2p1p/8/4k3/5p2/P4K1P/6P1/8 b - - 0 1,0.5
5r1r/p1p2p1p/8/4k3/5p2/P4K1P/6P1/8 w - - 0 1,0.5
5r1r/p1p2p1p/8/4k3/5pK1/P6P/6P1/8 b - - 0 1,0.5
5r1r/p1p2p1p/8/4k3/6K1/P4p1P/6P1/8 w - - 0 1,0.5
5r1r/p1p2p1p/8/4k3/8/P4K1P/6P1/8 b - - 0 1,0.5
3r3r/p1p2p1p/8/4k3/8/P4K1P/6P1/8 w - - 0 1,0.5
3r3r/p1p2p1p/8/4k3/8/P6P/5KP1/8 b - - 0 1,0.5
1r5r/p1p2p1p/8/4k3/8/P6P/5KP1/8 w - - 0 1,0.5
1r5r/p1p2p1p/8/4k3/8/P3K2P/6P1/8 b - - 0 1,0.5
1r5r/2p2p1p/p7/4k3/8/P3K2P/6P1/8 w - - 0 1,0.5
1r5r/2p2p1p/p7/4k3/8/P6P/4K1P1/8 b - - 0 1,0.5
1r5r/2p2p1p/p2k4/8/8/P6P/4K1P1/8 w - - 0 1,0.5
1r5r/2p2p1p/p2k4/8/8/P6P/3K2P1/8 b - - 0 1,0.5
5r1r/2p2p1p/p2k4/8/8/P6P/3K2P1/8 w - - 0 1,0.5
5r1r/2p2p1p/p2k4/8/8/P1K4P/6P1/8 b - - 0 1,0.5
5r1r/2p2p1p/p7/2k5/8/P1K4P/6P1/8 w - - 0 1,0.5
5r1r/2p2p1p/p7/2k5/8/P6P/2K3P1/8 b - - 0 1,0.5
5r1r/2p2p1p/p7/3k4/8/P6P/2K3P1/8 w - - 0 1,0.5
5r1r/2p2p1p/p7/3k4/8/P2K3P/6P1/8 b - - 0 1,0.5
r6r/2p2p1p/p7/3k4/8/P2K3P/6P1/8 w - - 0 1,0.5
r6r/2p2p1p/p7/3k3P/8/P2K4/6P1/8 b - - 0 1,0.5
r6r/2p2p1p/p2k4/7P/8/P2K4/6P1/8 w - - 0 1,0.5
r6r/2p2p1p/p2k4/7P/8/P3K3/6P1/8 b - - 0 1,0.5
1r5r/2p2p1p/p2k4/7P/8/P3K3/6P1/8 w - - 0 1,0.5
1r5r/2p2p1p/p2k4/7P/8/P7/3K2P1/8 b - - 0 1,0.5
1r5r/2p2p1p/p7/3k3P/8/P7/3K2P1/8 w - - 0 1,0.5
1r5r/2p2p1p/p6P/3k4/8/P7/3K2P1/8 b - - 0 1,0.5
2r4r/2p2p1p/p6P/3k4/8/P7/3K2P1/8 w - - 0 1,0.5
2r4r/2p2p1p/p6P/3k4/8/P1K5/6P1/8 b - - 0 1,0.5
2r4r/2p2p1p/p6P/4k3/8/P1K5/6P1/8 w - - 0 1,0.5
2r4r/2p2p1p/p6P/P3k3/8/2K5/6P1/8 b - - 0 1,0.5
2r4r/2p2p1p/p6P/P2k4/8/2K5/6P1/8 w - - 0 1,0.5
2r4r/2p2p1p/p6P/P2k4/8/8/3K2P1/8 b - - 0 1,0.5
2r2r2/2p2p1p/p6P/P2k4/8/8/3K2P1/8 w - - 0 1,0.5
2r2r2/2p2p1p/p6P/P2k4/8/8/4K1P1/8 b - - 0 1,0.5
2r3r1/2p2p1p/p6P/P2k4/8/8/4K1P1/8 w - - 0 1,0.5
2r3r1/2p2p1p/p6P/P2k4/8/4K3/6P1/8 b - - 0 1,0.5
2r5/2p2p1p/p6P/P2k4/8/4K3/6r1/8 w - - 0 1,0.5
2r5/2p2p1p/p6P/P2k4/8/5K2/6r1/8 b - - 0 1,0.5
2r5/2p2p1p/p5rP/P2k4/8/5K2/8/8 w - - 0 1,0.5
2r5/2p2p1p/p5rP/P2k4/5K2/8/8/8 b - - 0 1,0.5
2r5/2p2p1p/p6r/P2k4/5K2/8/8/8 w - - 0 1,0.5
2r5/2p2p1p/p6r/P2k4/8/5K2/8/8 b - - 0 1,0.5
2r5/2p2p1p/p7/P2k3r/8/5K2/8/8 w - - 0 1,0.5
2r5/2p2p1p/p7/P2k3r/8/6K1/8/8 b - - 0 1,0.5
2r5/2p2p1p/p7/P2k4/8/6Kr/8/8 w - - 0 1,0.5
2r5/2p2p1p/p7/P2k4/8/7K/8/8 b - - 0 1,0.5
2r5/2p2p2/p6p/P2k4/8/7K/8/8 w - - 0 1,0.5
2r5/2p2p2/p6p/P2k4/7K/8/8/8 b - - 0 1,0.5
2r5/2p2p2/p6p/P7/3k3K/8/8/8 w - - 0 1,0.5
2r5/2p2p2/p6p/P7/3k4/7K/8/8 b - - 0 1,0.5
2r5/2p2p2/p6p/P7/4k3/7K/8/8 w - - 0 1,0.5
2r5/2p2p2/p6p/P7/4k2K/8/8/8 b - - 0 1,0.5
5r2/2p2p2/p6p/P7/4k2K/8/8/8 w - - 0 1,0.5
5r2/2p2p2/p6p/P7/4k3/6K1/8/8 b - - 0 1,0.5
7r/2p2p2/p6p/P7/4k3/6K1/8/8 w - - 0 1,0.5
7r/2p2p2/p6p/P7/4k2K/8/8/8 b - - 0 1,0.5
7r/2p2p2/p6p/P7/7K/3k4/8/8 w - - 0 1,0.5
7r/2p2p2/p6p/P7/6K1/3k4/8/8 b - - 0 1,0.5
7r/2p2p2/p6p/P7/3k2K1/8/8/8 w - - 0 1,0.5
7r/2p2p2/p6p/P7/3k1K2/8/8/8 b - - 0 1,0.5
1r6/2p2p2/p6p/P7/3k1K2/8/8/8 w - - 0 1,0.5
1r6/2p2p2/p6p/P7/3k2K1/8/8/8 b - - 0 1,0.5
7r/2p2p2/p6p/P7/3k2K1/8/8/8 w - - 0 1,0.5
7r/2p2p2/p6p/P7/3k3K/8/8/8 b - - 0 1,0.5
7r/2p2p2/p6p/P2k4/7K/8/8/8 w - - 0 1,0.5
7r/2p2p2/p6p/P2k3K/8/8/8/8 b - - 0 1,0.5
7r/2p2p2/p6p/P6K/4k3/8/8/8 w - - 0 1,0.5
7r/2p2p2/p6p/P7/4k1K1/8/8/8 b - - 0 1,0.5
3r4/2p2p2/p6p/P7/4k1K1/8/8/8 w - - 0 1,0.5
3r4/2p2p2/p6p/P6K/4k3/8/8/8 b - - 0 1,0.5
8/2p2p2/p2r3p/P6K/4k3/8/8/8 w - - 0 1,0.5
8/2p2p2/p2r3p/P7/4k2K/8/8/8 b - - 0 1,0.5
8/2p2p2/pr5p/P7/4k2K/8/8/8 w - - 0 1,0.5
8/2p2p2/pr5p/P7/4k3/6K1/8/8 b - - 0 1,0.5
8/2p2p2/pr5p/P3k3/8/6K1/8/8 w - - 0 1,0.5
8/2p2p2/pP5p/4k3/8/6K1/8/8 b - - 0 1,0.5
8/5p2/pp5p/4k3/8/6K1/8/8 w - - 0 1,0.5
8/5p2/pp5p/4k3/8/5K2/8/8 b - - 0 1,0.5
8/5p2/p6p/4k3/1p6/5K2/8/8 w - - 0 1,0.5
8/5p2/p6p/4k3/1p4K1/8/8/8 b - - 0 1,0.5
8/5p2/p7/4k3/1p4Kp/8/8/8 w - - 0 1,0.5
8/5p2/p7/4k3/1p5K/8/8/8 b - - 0 1,0.5
8/5p2/p7/4k3/7K/1p6/8/8 w - - 0 1,0.5
8/5p2/p7/4k3/8/1p5K/8/8 b - - 0 1,0.5
8/5p2/p7/4k3/8/7K/1p6/8 w - - 0 1,0.5
8/5p2/p7/4k3/7K/8/1p6/8 b - - 0 1,0.5
8/5p2/p7/4k3/7K/8/8/1q6 w - - 0 1,0.5
8/5p2/p7/4k3/8/6K1/8/1q6 b - - 0 1,0.5
8/5p2/p3k3/8/8/6K1/8/1q6 w - - 0 1,0.5
8/5p2/p3k3/8/8/8/5K2/1q6 b - - 0 1,0.5
8/5p2/p3k1q1/8/8/8/5K2/8 w - - 0 1,0.5
8/5p2/p3k1q1/8/8/4K3/8/8 b - - 0 1,0.5
8/5p2/p3k3/5q2/8/4K3/8/8 w - - 0 1,0.5
8/5p2/p3k3/5q2/3K4/8/8/8 b - - 0 1,0.5
8/5p2/p3k1q1/8/3K4/8/8/8 w - - 0 1,0.5
8/5p2/p3k1q1/8/8/4K3/8/8 b - - 0 1,0.5
8/5p2/p3k3/8/8/4K3/8/1q6 w - - 0 1,0.5
8/5p2/p3k3/8/5K2/8/8/1q6 b - - 0 1,0.5
8/5p2/p2k4/8/5K2/8/8/1q6 w - - 0 1,0.5
8/5p2/p2k4/8/8/6K1/8/1q6 b - - 0 1,0.5
8/2k2p2/p7/8/8/6K1/8/1q6 w - - 0 1,0.5
8/2k2p2/p7/8/8/7K/8/1q6 b - - 0 1,0.5
8/2k2p2/p7/8/8/7K/8/5q2 w - - 0 1,0.5
8/2k2p2/p7/8/6K1/8/8/5q2 b - - 0 1,0.5
rnbqkbnr/pppppppp/8/8/8/8/PPPPPPPP/RNBQKBNR w - - 0 1,0.5
rnbqkbnr/pppppppp/8/8/8/5N2/PPPPPPPP/RNBQKB1R b - - 0 1,0.5
r1bqkbnr/pppppppp/2n5/8/8/5N2/PPPPPPPP/RNBQKB1R w - - 0 1,0.5
r1bqkbnr/pppppppp/2n5/8/8/2N2N2/PPPPPPPP/R1BQKB1R b - - 0 1,0.5
r1bqkb1r/pppppppp/2n2n2/8/8/2N2N2/PPPPPPPP/R1BQKB1R w - - 0 1,0.5
r1bqkb1r/pppppppp/2n2n2/8/3P4/2N2N2/PPP1PPPP/R1BQKB1R b - - 0 1,0.5
r1bqkb1r/pppppppp/5n2/8/3n4/2N2N2/PPP1PPPP/R1BQKB1R w - - 0 1,0.5
r1bqkb1r/pppppppp/5n2/8/3N4/2N5/PPP1PPPP/R1BQKB1R b - - 0 1,0.5
r1bqkb1r/ppppppp1/5n1p/8/3N4/2N5/PPP1PPPP/R1BQKB1R w - - 0 1,0.5
r1bqkb1r/ppppppp1/5n1B/8/3N4/2N5/PPP1PPPP/R2QKB1R b - - 0 1,0.5
r1bqkb2/ppppppp1/5n1r/8/3N4/2N5/PPP1PPPP/R2QKB1R w - - 0 1,0.5
r1bqkb2/ppppppp1/5n1r/8/3N4/2N5/PPP1PPPP/R1Q1KB1R b - - 0 1,0.5
r1bqkb2/ppppppp1/5n2/8/3N4/2N4r/PPP1PPPP/R1Q1KB1R w - - 0 1,0.5
r1bqkb2/ppppppp1/5n2/8/3N4/2N4P/PPP1PP1P/R1Q1KB1R b - - 0 1,0.5
r1bqkb2/pppp1pp1/5n2/4p3/3N4/2N4P/PPP1PP1P/R1Q1KB1R w - - 0 1,0.5
r1bqkb2/pppp1pp1/5n2/4p3/3NP3/2N4P/PPP2P1P/R1Q1KB1R b - - 0 1,0.5
r1bqkb2/pppp1pp1/5n2/8/3pP3/2N4P/PPP2P1P/R1Q1KB1R w - - 0 1,0.5
r1bqkb2/pppp1pp1/5n2/3N4/3pP3/7P/PPP2P1P/R1Q1KB1R b - - 0 1,0.5
r1bqkb2/pppp1pp1/8/3n4/3pP3/7P/PPP2P1P/R1Q1KB1R w - - 0 1,0.5
r1bqkb2/pppp1pp1/8/3P4/3p4/7P/PPP2P1P/R1Q1KB1R b - - 0 1,0.5
r1bqkb2/ppp2pp1/3p4/3P4/3p4/7P/PPP2P1P/R1Q1KB1R w - - 0 1,0.5
r1bqkb2/ppp2pp1/3p4/3P4/3p4/7P/PPP2P1P/R2QKB1R b - - 0 1,0.5
r1bqk3/ppp1bpp1/3p4/3P4/3p4/7P/PPP2P1P/R2QKB1R w - - 0 1,0.5
r1bqk3/ppp1bpp1/3p4/3P4/3Q4/7P/PPP2P1P/R3KB1R b - - 0 1,0.5
r2qk3/ppp1bpp1/3p4/3P4/3Q4/7b/PPP2P1P/R3KB1R w - - 0 1,0.5
r2qk3/ppp1bpp1/3p4/3P4/3Q4/7B/PPP2P1P/R3K2R b - - 0 1,0.5
2rqk3/ppp1bpp1/3p4/3P4/3Q4/7B/PPP2P1P/R3K2R w - - 0 1,0.5
2Bqk3/ppp1bpp1/3p4/3P4/3Q4/8/PPP2P1P/R3K2R b - - 0 1,0.5
2q1k3/ppp1bpp1/3p4/3P4/3Q4/8/PPP2P1P/R3K2R w - - 0 1,0.5
2q1k3/ppp1bpQ1/3p4/3P4/8/8/PPP2P1P/R3K2R b - - 0 1,0.5
4k3/ppp1bpQ1/3p4/3P4/6q1/8/PPP2P1P/R3K2R w - - 0 1,0.5
4k3/ppp1bp2/3p4/3P4/6Q1/8/PPP2P1P/R3K2R b - - 0 1,0.5
4k3/ppp1b3/3p1p2/3P4/6Q1/8/PPP2P1P/R3K2R w - - 0 1,0.5
4k3/ppp1b3/3p1p2/3P4/1Q6/8/PPP2P1P/R3K2R b - - 0 1,0.5
4k3/ppp1b3/3p4/3P4/1Q3p2/8/PPP2P1P/R3K2R w - - 0 1,0.5
4k3/pQp1b3/3p4/3P4/5p2/8/PPP2P1P/R3K2R b - - 0 1,0.5
4k3/pQp1b3/3p4/3P4/8/5p2/PPP2P1P/R3K2R w - - 0 1,0.5
4k3/pQp1b3/3p4/3P4/7P/5p2/PPP2P2/R3K2R b - - 0 1,0.5
4k3/pQp5/3p4/3P4/7b/5p2/PPP2P2/R3K2R w - - 0 1,0.5
4k3/pQp5/3p4/3P4/7R/5p2/PPP2P2/R3K3 b - - 0 1,0.5
8/pQp2k2/3p4/3P4/7R/5p2/PPP2P2/R3K3 w - - 0 1,0.5
8/p1Q2k2/3p4/3P4/7R/5p2/PPP2P2/R3K3 b - - 0 1,0.5
4k3/p1Q5/3p4/3P4/7R/5p2/PPP2P2/R3K3 w - - 0 1,0.5
2Q1k3/p7/3p4/3P4/7R/5p2/PPP2P2/R3K3 b - - 0 1,0.5
2Q5/p4k2/3p4/3P4/7R/5p2/PPP2P2/R3K3 w - - 0 1,0.5
2Q5/p4k2/3p4/3P4/7R/5p2/PPP2P2/2R1K3 b - - 0 1,0.5
2Q5/p5k1/3p4/3P4/7R/5p2/PPP2P2/2R1K3 w - - 0 1,0.5
2Q5/p5k1/3p4/3P4/7R/5p2/PPP2P2/1R2K3 b - - 0 1,0.5
2Q5/6k1/p2p4/3P4/7R/5p2/PPP2P2/1R2K3 w - - 0 1,0.5
8/6k1/Q2p4/3P4/7R/5p2/PPP2P2/1R2K3 b - - 0 1,0.5
8/8/Q2p2k1/3P4/7R/5p2/PPP2P2/1R2K3 w - - 0 1,0.5
8/8/Q2p2k1/3P4/8/5p2/PPP2P1R/1R2K3 b - - 0 1,0.5
8/8/Q2p4/3P2k1/8/5p2/PPP2P1R/1R2K3 w - - 0 1,0.5
8/8/3Q4/3P2k1/8/5p2/PPP2P1R/1R2K3 b - - 0 1,0.5
8/8/3Q4/3P1k2/8/5p2/PPP2P1R/1R2K3 w - - 0 1,0.5
8/8/3Q3R/3P1k2/8/5p2/PPP2P2/1R2K3 b - - 0 1,0.5
8/8/3Q3R/3P4/4k3/5p2/PPP2P2/1R2K3 w - - 0 1,0.5
8/8/2Q4R/3P4/4k3/5p2/PPP2P2/1R2K3 b - - 0 1,0.5
8/8/2Q4R/3Pk3/8/5p2/PPP2P2/1R2K3 w - - 0 1,0.5
8/8/2QP3R/4k3/8/5p2/PPP2P2/1R2K3 b - - 0 1,0.5
8/8/2QP3R/5k2/8/5p2/PPP2P2/1R2K3 w - - 0 1,0.5
8/8/3P3R/5k2/8/5Q2/PPP2P2/1R2K3 b - - 0 1,0.5
8/8/3P3R/6k1/8/5Q2/PPP2P2/1R2K3 w - - 0 1,0.5
8/8/3PR3/6k1/8/5Q2/PPP2P2/1R2K3 b - - 0 1,0.5
8/8/3PR3/8/7k/5Q2/PPP2P2/1R2K3 w - - 0 1,0.5
8/8/3PR3/8/7k/2Q5/PPP2P2/1R2K3 b - - 0 1,0.5
8/8/3PR3/8/6k1/2Q5/PPP2P2/1R2K3 w - - 0 1,0.5
8/3P4/4R3/8/6k1/2Q5/PPP2P2/1R2K3 b - - 0 1,0.5
8/3P4/4R3/5k2/8/2Q5/PPP2P2/1R2K3 w - - 0 1,0.5
8/3P4/4R3/2Q2k2/8/8/PPP2P2/1R2K3 b - - 0 1,0.5
8/3P4/4k3/2Q5/8/8/PPP2P2/1R2K3 w - - 0 1,0.5
3Q4/8/4k3/2Q5/8/8/PPP2P2/1R2K3 b - - 0 1,0.5
3Q4/5k2/8/2Q5/8/8/PPP2P2/1R2K3 w - - 0 1,0.5
3Q4/5k2/8/2Q5/8/8/PPP1KP2/1R6 b - - 0 1,0.5
3Q4/8/4k3/2Q5/8/8/PPP1KP2/1R6 w - - 0 1,0.5
3Q4/8/4k3/2Q5/8/8/PPP1KP2/R7 b - - 0 1,0.5
3Q4/5k2/8/2Q5/8/8/PPP1KP2/R7 w - - 0 1,0.5
3Q4/5k2/8/8/1Q6/8/PPP1KP2/R7 b - - 0 1,0.5
3Q4/8/6k1/8/1Q6/8/PPP1KP2/R7 w - - 0 1,0.5
3Q4/8/6k1/8/1Q6/8/PPP2P2/R4K2 b - - 0 1,0.5
3Q4/8/8/7k/1Q6/8/PPP2P2/R4K2 w - - 0 1,0.5
3Q1Q2/8/8/7k/8/8/PPP2P2/R4K2 b - - 0 1,0.5
3Q1Q2/8/8/8/6k1/8/PPP2P2/R4K2 w - - 0 1,0.5
3Q1Q2/8/8/8/6k1/8/PPP2P2/3R1K2 b - - 0 1,0.5
3Q1Q2/8/8/7k/8/8/PPP2P2/3R1K2 w - - 0 1,0.5
3Q4/8/8/5Q1k/8/8/PPP2P2/3R1K2 b - - 0 1,0.5
3Q4/8/7k/5Q2/8/8/PPP2P2/3R1K2 w - - 0 1,0.5
2QQ4/8/7k/8/8/8/PPP2P2/3R1K2 b - - 0 1,0.5
2QQ4/7k/8/8/8/8/PPP2P2/3R1K2 w - - 0 1,0.5
2QQ4/7k/8/8/8/8/PPP2P2/1R3K2 b - - 0 1,0.5
2QQ4/6k1/8/8/8/8/PPP2P2/1R3K2 w - - 0 1,0.5
3Q4/6k1/8/8/6Q1/8/PPP2P2/1R3K2 b - - 0 1,0.5
3Q4/5k2/8/8/6Q1/8/PPP2P2/1R3K2 w - - 0 1,0.5
4Q3/5k2/8/8/6Q1/8/PPP2P2/1R3K2 b - - 0 1,0.5
4k3/8/8/8/6Q1/8/PPP2P2/1R3K2 w - - 0 1,0.5
4k3/8/8/8/4Q3/8/PPP2P2/1R3K2 b - - 0 1,0.5
8/3k4/8/8/4Q3/8/PPP2P2/1R3K2 w - - 0 1,0.5
8/3k4/8/8/4Q3/8/PPP2PK1/1R6 b - - 0 1,0.5
3k4/8/8/8/4Q3/8/PPP2PK1/1R6 w - - 0 1,0.5
3k4/7Q/8/8/8/8/PPP2PK1/1R6 b - - 0 1,0.5
2k5/7Q/8/8/8/8/PPP2PK1/1R6 w - - 0 1,0.5
2k5/8/8/8/4Q3/8/PPP2PK1/1R6 b - - 0 1,0.5
1k6/8/8/8/4Q3/8/PPP2PK1/1R6 w - - 0 1,0.5
1k6/8/8/8/4Q3/8/PPP2PK1/6R1 b - - 0 1,0.5
8/k7/8/8/4Q3/8/PPP2PK1/6R1 w - - 0 1,0.5
8/k7/8/8/8/8/PPP1QPK1/6R1 b - - 0 1,0.5
8/8/1k6/8/8/8/PPP1QPK1/6R1 w - - 0 1,0.5
8/8/1k6/8/8/6K1/PPP1QP2/6R1 b - - 0 1,0.5
8/1k6/8/8/8/6K1/PPP1QP2/6R1 w - - 0 1,0.5
8/1k6/8/8/8/8/PPP1QPK1/6R1 b - - 0 1,0.5
k7/8/8/8/8/8/PPP1QPK1/6R1 w - - 0 1,0.5
k7/8/8/7Q/8/8/PPP2PK1/6R1 b - - 0 1,0.5
1k6/8/8/7Q/8/8/PPP2PK1/6R1 w - - 0 1,0.5
1k6/8/8/8/6Q1/8/PPP2PK1/6R1 b - - 0 1,0.5
8/k7/8/8/6Q1/8/PPP2PK1/6R1 w - - 0 1,0.5
8/k7/8/8/8/8/PPP2PK1/3Q2R1 b - - 0 1,0.5
8/8/1k6/8/8/8/PPP2PK1/3Q2R1 w - - 0 1,0.5
8/3Q4/1k6/8/8/8/PPP2PK1/6R1 b - - 0 1,0.5
8/3Q4/8/2k5/8/8/PPP2PK1/6R1 w - - 0 1,0.5
8/8/8/2k5/8/3Q4/PPP2PK1/6R1 b - - 0 1,0.5
8/8/8/8/1k6/3Q4/PPP2PK1/6R1 w - - 0 1,0.5
8/8/8/8/1k6/1Q6/PPP2PK1/6R1 b - - 0 1,0.5
8/8/8/2k5/8/1Q6/PPP2PK1/6R1 w - - 0 1,0.5
8/8/8/2k5/8/1Q6/PPP2PK1/R7 b - - 0 1,0.5
8/8/3k4/8/8/1Q6/PPP2PK1/R7 w - - 0 1,0.5
8/8/3k4/8/8/1Q6/PPP2PK1/1R6 b - - 0 1,0.5
8/8/2k5/8/8/1Q6/PPP2PK1/1R6 w - - 0 1,0.5
8/8/2k5/8/8/1Q6/PPP2P2/1R5K b - - 0 1,0.5
8/3k4/8/8/8/1Q6/PPP2P2/1R5K w - - 0 1,0.5
8/3k4/8/8/2Q5/8/PPP2P2/1R5K b - - 0 1,0.5
8/4k3/8/8/2Q5/8/PPP2P2/1R5K w - - 0 1,0.5
8/4k3/8/8/2Q5/8/PPP2P2/4R2K b - - 0 1,0.5
8/8/5k2/8/2Q5/8/PPP2P2/4R2K w - - 0 1,0.5
8/8/5k2/8/2Q5/8/PPP2P2/2R4K b - - 0 1,0.5
8/8/8/6k1/2Q5/8/PPP2P2/2R4K w - - 0 1,0.5
8/8/8/6k1/2Q5/8/PPP2P2/4R2K b - - 0 1,0.5
8/8/8/7k/2Q5/8/PPP2P2/4R2K w - - 0 1,0.5
8/8/4R3/7k/2Q5/8/PPP2P2/7K b - - 0 1,0.5
8/8/4R3/6k1/2Q5/8/PPP2P2/7K w - - 0 1,0.5
8/8/4R3/6k1/2Q5/8/PPP2P1K/8 b - - 0 1,0.5
8/8/4R3/7k/2Q5/8/PPP2P1K/8 w - - 0 1,0.5
8/8/4R3/7k/8/1Q6/PPP2P1K/8 b - - 0 1,0.5
8/8/4R3/6k1/8/1Q6/PPP2P1K/8 w - - 0 1,0.5
8/1Q6/4R3/6k1/8/8/PPP2P1K/8 b - - 0 1,0.5
8/1Q6/4R3/8/6k1/8/PPP2P1K/8 w - - 0 1,0.5
8/1Q6/R7/8/6k1/8/PPP2P1K/8 b - - 0 1,0.5
8/1Q6/R7/8/5k2/8/PPP2P1K/8 w - - 0 1,0.5
8/2Q5/R7/8/5k2/8/PPP2P1K/8 b - - 0 1,0.5
8/2Q5/R7/8/6k1/8/PPP2P1K/8 w - - 0 1,0.5
8/8/R7/8/6k1/6Q1/PPP2P1K/8 b - - 0 1,0.5
rnbqkbnr/pppppppp/8/8/8/8/PPPPPPPP/RNBQKBNR w - - 0 1,0.5
rnbqkbnr/pppppppp/8/8/8/5N2/PPPPPPPP/RNBQKB1R b - - 0 1,0.5
rnbqkb1r/pppppppp/5n2/8/8/5N2/PPPPPPPP/RNBQKB1R w - - 0 1,0.5
rnbqkb1r/pppppppp/5n2/8/8/2N2N2/PPPPPPPP/R1BQKB1R b - - 0 1,0.5
rnbqkb1r/pppp1ppp/4pn2/8/8/2N2N2/PPPPPPPP/R1BQKB1R w - - 0 1,0.5
rnbqkb1r/pppp1ppp/4pn2/8/3P4/2N2N2/PPP1PPPP/R1BQKB1R b - - 0 1,0.5
r1bqkb1r/pppp1ppp/2n1pn2/8/3P4/2N2N2/PPP1PPPP/R1BQKB1R w - - 0 1,0.5
r1bqkb1r/pppp1ppp/2n1pn2/8/3PP3/2N2N2/PPP2PPP/R1BQKB1R b - - 0 1,0.5
r1bqkb1r/pppp1ppp/2n1p3/8/3Pn3/2N2N2/PPP2PPP/R1BQKB1R w - - 0 1,0.5
r1bqkb1r/pppp1ppp/2n1p3/8/3PN3/5N2/PPP2PPP/R1BQKB1R b - - 0 1,0.5
r1bqkb1r/pppp1ppp/4p3/8/3nN3/5N2/PPP2PPP/R1BQKB1R w - - 0 1,0.5
r1bqkb1r/pppp1ppp/4p3/8/3NN3/8/PPP2PPP/R1BQKB1R b - - 0 1,0.5
r1bqkb1r/ppp2ppp/4p3/3p4/3NN3/8/PPP2PPP/R1BQKB1R w - - 0 1,0.5
r1bqkb1r/ppp2ppp/4N3/3p4/4N3/8/PPP2PPP/R1BQKB1R b - - 0 1,0.5
r1bqkb1r/ppp2p1p/4N1p1/3p4/4N3/8/PPP2PPP/R1BQKB1R w - - 0 1,0.5
r1bqkb1r/ppp2p1p/4N1p1/3p4/4N1P1/8/PPP2P1P/R1BQKB1R b - - 0 1,0.5
r1bqkb1r/ppp2p1p/4N1p1/8/4p1P1/8/PPP2P1P/R1BQKB1R w - - 0 1,0.5
r1bNkb1r/ppp2p1p/6p1/8/4p1P1/8/PPP2P1P/R1BQKB1R b - - 0 1,0.5
r2Nkb1r/ppp2p1p/6p1/8/4p1b1/8/PPP2P1P/R1BQKB1R w - - 0 1,0.5
r2Nkb1r/ppp2p1p/6p1/8/4p1Q1/8/PPP2P1P/R1B1KB1R b - - 0 1,0.5
3rkb1r/ppp2p1p/6p1/8/4p1Q1/8/PPP2P1P/R1B1KB1R w - - 0 1,0.5
3rkb1r/ppp2p1p/6p1/8/4Q3/8/PPP2P1P/R1B1KB1R b - - 0 1,0.5
3r1b1r/pppk1p1p/6p1/8/4Q3/8/PPP2P1P/R1B1KB1R w - - 0 1,0.5
3r1b1r/pQpk1p1p/6p1/8/8/8/PPP2P1P/R1B1KB1R b - - 0 1,0.5
3r1b1r/pQpk1p1p/8/8/6p1/8/PPP2P1P/R1B1KB1R w - - 0 1,0.5
3r1b1r/Q1pk1p1p/8/8/6p1/8/PPP2P1P/R1B1KB1R b - - 0 1,0.5
3r1b1r/Q1pk1p1p/8/8/8/6p1/PPP2P1P/R1B1KB1R w - - 0 1,0.5
3r1b1r/Q1pk1p1p/8/8/8/6P1/PPP2P2/R1B1KB1R b - - 0 1,0.5
3rkb1r/Q1p2p1p/8/8/8/6P1/PPP2P2/R1B1KB1R w - - 0 1,0.5
3rkb1r/2Q2p1p/8/8/8/6P1/PPP2P2/R1B1KB1R b - - 0 1,0.5
r3kb1r/2Q2p1p/8/8/8/6P1/PPP2P2/R1B1KB1R w - - 0 1,0.5
r3kb1r/2Q2p1R/8/8/8/6P1/PPP2P2/R1B1KB2 b - - 0 1,0.5
r3kb2/2Q2p1r/8/8/8/6P1/PPP2P2/R1B1KB2 w - - 0 1,0.5
r3kb2/5Q1r/8/8/8/6P1/PPP2P2/R1B1KB2 b - - 0 1,0.5
r3kb2/5r2/8/8/8/6P1/PPP2P2/R1B1KB2 w - - 0 1,0.5
r3kb2/5r2/8/6P1/8/8/PPP2P2/R1B1KB2 b - - 0 1,0.5
r3kb2/8/8/6P1/8/8/PPP2r2/R1B1KB2 w - - 0 1,0.5
r3kb2/8/8/6P1/8/8/PPP2K2/R1B2B2 b - - 0 1,0.5
4kb2/8/8/6P1/8/8/rPP2K2/R1B2B2 w - - 0 1,0.5
4kb2/8/8/6P1/8/8/RPP2K2/2B2B2 b - - 0 1,0.5
4k3/8/8/6P1/1b6/8/RPP2K2/2B2B2 w - - 0 1,0.5
4k3/8/6P1/8/1b6/8/RPP2K2/2B2B2 b - - 0 1,0.5
4k3/8/3b2P1/8/8/8/RPP2K2/2B2B2 w - - 0 1,0.5
4k3/6P1/3b4/8/8/8/RPP2K2/2B2B2 b - - 0 1,0.5
8/3k2P1/3b4/8/8/8/RPP2K2/2B2B2 w - - 0 1,0.5
6Q1/3k4/3b4/8/8/8/RPP2K2/2B2B2 b - - 0 1,0.5
6Q1/3k4/8/4b3/8/8/RPP2K2/2B2B2 w - - 0 1,0.5
6Q1/R2k4/8/4b3/8/8/1PP2K2/2B2B2 b - - 0 1,0.5
6Q1/R1bk4/8/8/8/8/1PP2K2/2B2B2 w - - 0 1,0.5
6Q1/2Rk4/8/8/8/8/1PP2K2/2B2B2 b - - 0 1,0.5
6Q1/2k5/8/8/8/8/1PP2K2/2B2B2 w - - 0 1,0.5
6Q1/2k5/8/8/8/4B3/1PP2K2/5B2 b - - 0 1,0.5
6Q1/8/2k5/8/8/4B3/1PP2K2/5B2 w - - 0 1,0.5
6Q1/8/2k5/6B1/8/8/1PP2K2/5B2 b - - 0 1,0.5
6Q1/8/8/2k3B1/8/8/1PP2K2/5B2 w - - 0 1,0.5
8/6Q1/8/2k3B1/8/8/1PP2K2/5B2 b - - 0 1,0.5
8/6Q1/1k6/6B1/8/8/1PP2K2/5B2 w - - 0 1,0.5
8/4B1Q1/1k6/8/8/8/1PP2K2/5B2 b - - 0 1,0.5
8/4B1Q1/8/k7/8/8/1PP2K2/5B2 w - - 0 1,0.5
8/4B1Q1/8/k7/2B5/8/1PP2K2/8 b - - 0 1,0.5
8/4B1Q1/1k6/8/2B5/8/1PP2K2/8 w - - 0 1,0.5
8/4B1Q1/1k6/8/8/8/1PP2K2/5B2 b - - 0 1,0.5
8/k3B1Q1/8/8/8/8/1PP2K2/5B2 w - - 0 1,0.5
8/k3B1Q1/8/8/8/8/1PP2KB1/8 b - - 0 1,0.5
8/4B1Q1/1k6/8/8/8/1PP2KB1/8 w - - 0 1,0.5
8/4B1Q1/1k6/8/8/8/1PP3B1/4K3 b - - 0 1,0.5
8/4B1Q1/8/1k6/8/8/1PP3B1/4K3 w - - 0 1,0.5
8/4B1Q1/8/1k6/8/2P5/1P4B1/4K3 b - - 0 1,0.5
8/4B1Q1/8/8/2k5/2P5/1P4B1/4K3 w - - 0 1,0.5
8/1B2B1Q1/8/8/2k5/2P5/1P6/4K3 b - - 0 1,0.5
8/1B2B1Q1/8/8/8/2Pk4/1P6/4K3 w - - 0 1,0.5
8/1B2B1Q1/8/2P5/8/3k4/1P6/4K3 b - - 0 1,0.5
8/1B2B1Q1/8/2P5/8/8/1Pk5/4K3 w - - 0 1,0.5
8/1B2B1Q1/2P5/8/8/8/1Pk5/4K3 b - - 0 1,0.5
8/1B2B1Q1/2P5/8/8/8/1P6/1k2K3 w - - 0 1,0.5
8/1BP1B1Q1/8/8/8/8/1P6/1k2K3 b - - 0 1,0.5
8/1BP1B1Q1/8/8/8/8/1P6/2k1K3 w - - 0 1,0.5
2Q5/1B2B1Q1/8/8/8/8/1P6/2k1K3 b - - 0 1,0.5
2Q5/1B2B1Q1/8/8/8/8/1P6/1k2K3 w - - 0 1,0.5
7Q/1B2B1Q1/8/8/8/8/1P6/1k2K3 b - - 0 1,0.5
7Q/1B2B1Q1/8/8/8/8/1P6/k3K3 w - - 0 1,0.5
7Q/1B2B3/8/8/3Q4/8/1P6/k3K3 b - - 0 1,0.5
7Q/1B2B3/8/8/3Q4/8/kP6/4K3 w - - 0 1,0.5
7Q/1B2B3/5Q2/8/8/8/kP6/4K3 b - - 0 1,0.5
7Q/1B2B3/5Q2/8/8/8/1P6/1k2K3 w - - 0 1,0.5
8/1B2B3/5Q2/8/8/8/1P6/1k2K2Q b - - 0 1,0.5
8/1B2B3/5Q2/8/8/8/1P6/2k1K2Q w - - 0 1,0.5
8/1B2B3/8/4Q3/8/8/1P6/2k1K2Q b - - 0 1,0.5
8/1B2B3/8/4Q3/8/8/1Pk5/4K2Q w - - 0 1,0.5
8/1B2B3/8/8/3Q4/8/1Pk5/4K2Q b - - 0 1,0.5
8/1B2B3/8/8/3Q4/8/1P6/1k2K2Q w - - 0 1,0.5
8/1B2B3/8/8/1Q6/8/1P6/1k2K2Q b - - 0 1,0.5
8/1B2B3/8/8/1Q6/8/1P6/2k1K2Q w - - 0 1,0.5
8/1B2B3/8/8/1Q6/8/1P5Q/2k1K3 b - - 0 1,0.5
8/1B2B3/8/8/1Q6/8/1P5Q/1k2K3 w - - 0 1,0.5
8/1B2B3/8/8/1Q6/8/1P6/1k2K1Q1 b - - 0 1,0.5
8/1B2B3/8/8/1Q6/8/kP6/4K1Q1 w - - 0 1,0.5
8/1B2B3/8/8/1Q6/8/kP3Q2/4K3 b - - 0 1,0.5
8/1B2B3/8/8/1Q6/8/1P3Q2/k3K3 w - - 0 1,0.5
8/1B2B3/8/8/1Q3Q2/8/1P6/k3K3 b - - 0 1,0.5
8/1B2B3/8/8/1Q3Q2/8/kP6/4K3 w - - 0 1,0.5
8/1B2B3/8/8/1Q6/8/kP3Q2/4K3 b - - 0 1,0.5
8/1B2B3/8/8/1Q6/8/1P3Q2/1k2K3 w - - 0 1,0.5
8/1B6/3B4/8/1Q6/8/1P3Q2/1k2K3 b - - 0 1,0.5
8/1B6/3B4/8/1Q6/8/1P3Q2/k3K3 w - - 0 1,0.5
8/1B6/8/2B5/1Q6/8/1P3Q2/k3K3 b - - 0 1,0.5
8/1B6/8/2B5/1Q6/8/kP3Q2/4K3 w - - 0 1,0.5
B7/8/8/2B5/1Q6/8/kP3Q2/4K3 b - - 0 1,0.5
B7/8/8/2B5/1Q6/8/1P3Q2/k3K3 w - - 0 1,0.5
B7/8/8/2B5/1Q5Q/8/1P6/k3K3 b - - 0 1,0.5
B7/8/8/2B5/1Q5Q/8/kP6/4K3 w - - 0 1,0.5
B7/8/8/2B5/1Q5Q/8/kP2K3/8 b - - 0 1,0.5
B7/8/8/2B5/1Q5Q/8/1P2K3/1k6 w - - 0 1,0.5
B7/B7/8/8/1Q5Q/8/1P2K3/1k6 b - - 0 1,0.5
B7/B7/8/8/1Q5Q/8/1Pk1K3/8 w - - 0 1,0.5
8/B7/2B5/8/1Q5Q/8/1Pk1K3/8 b - - 0 1,0.5
8/B7/2B5/8/1Q5Q/8/1P2K3/1k6 w - - 0 1,0.5
8/B7/2B5/8/1Q5Q/8/1P6/1k1K4 b - - 0 1,0.5
8/B7/2B5/8/1Q5Q/8/1P6/k2K4 w - - 0 1,0.5
8/B7/2B5/8/1Q2Q3/8/1P6/k2K4 b - - 0 1,0.5
8/B7/2B5/8/1Q2Q3/8/kP6/3K4 w - - 0 1,0.5
8/BB6/8/8/1Q2Q3/8/kP6/3K4 b - - 0 1,0.5
8/BB6/8/8/1Q2Q3/8/1P6/k2K4 w - - 0 1,0.5
8/BB6/8/8/4Q3/8/1P6/k2KQ3 b - - 0 1,0.5
8/BB6/8/8/4Q3/8/1k6/3KQ3 w - - 0 1,0.5
8/BB6/6Q1/8/8/8/1k6/3KQ3 b - - 0 1,0.5
8/BB6/6Q1/8/8/8/8/k2KQ3 w - - 0 1,0.5
8/BB6/3Q4/8/8/8/8/k2KQ3 b - - 0 1,0.5
8/BB6/3Q4/8/8/8/k7/3KQ3 w - - 0 1,0.5
8/BB6/8/4Q3/8/8/k7/3KQ3 b - - 0 1,0.5
8/BB6/8/4Q3/8/8/8/1k1KQ3 w - - 0 1,0.5
8/BB6/8/8/5Q2/8/8/1k1KQ3 b - - 0 1,0.5
8/BB6/8/8/5Q2/8/8/k2KQ3 w - - 0 1,0.5
8/BB6/8/8/4Q3/8/8/k2KQ3 b - - 0 1,0.5
8/BB6/8/8/4Q3/8/k7/3KQ3 w - - 0 1,0.5
8/1B6/1B6/8/4Q3/8/k7/3KQ3 b - - 0 1,0.5
8/1B6/1B6/8/4Q3/8/1k6/3KQ3 w - - 0 1,0.5
8/1B6/1B6/5Q2/8/8/1k6/3KQ3 b - - 0 1,0.5
8/1B6/1B6/5Q2/8/k7/8/3KQ3 w - - 0 1,0.5
8/1B6/1B6/8/8/k4Q2/8/3KQ3 b - - 0 1,0.5
8/1B6/1B6/8/k7/5Q2/8/3KQ3 w - - 0 1,0.5
8/1B6/1B6/8/k7/2Q2Q2/8/3K4 b - - 0 1,0.5
8/1B6/1B6/1k6/8/2Q2Q2/8/3K4 w - - 0 1,0.5
8/BB6/8/1k6/8/2Q2Q2/8/3K4 b - - 0 1,0.5
8/BB6/8/8/k7/2Q2Q2/8/3K4 w - - 0 1,0.5
8/BB6/8/8/k7/2Q1Q3/8/3K4 b - - 0 1,0.5
8/BB6/8/1k6/8/2Q1Q3/8/3K4 w - - 0 1,0.5
B7/B7/8/1k6/8/2Q1Q3/8/3K4 b - - 0 1,0.5
B7/B7/k7/8/8/2Q1Q3/8/3K4 w - - 0 1,0.5
B7/B7/k7/8/8/2Q1Q3/4K3/8 b - - 0 1,0.5
rnbqkbnr/pppppppp/8/8/8/8/PPPPPPPP/RNBQKBNR w - - 0 1,0.5
rnbqkbnr/pppppppp/8/8/8/5N2/PPPPPPPP/RNBQKB1R b - - 0 1,0.5
rnbqkb1r/pppppppp/5n2/8/8/5N2/PPPPPPPP/RNBQKB1R w - - 0 1,0.5
rnbqkb1r/pppppppp/5n2/8/2P5/5N2/PP1PPPPP/RNBQKB1R b - - 0 1,0.5
r1bqkb1r/pppppppp/2n2n2/8/2P5/5N2/PP1PPPPP/RNBQKB1R w - - 0 1,0.5
r1bqkb1r/pppppppp/2n2n2/8/2P5/2N2N2/PP1PPPPP/R1BQKB1R b - - 0 1,0.5
r1bqkb1r/ppp1pppp/2n2n2/3p4/2P5/2N2N2/PP1PPPPP/R1BQKB1R w - - 0 1,0.5
r1bqkb1r/ppp1pppp/2n2n2/3P4/8/2N2N2/PP1PPPPP/R1BQKB1R b - - 0 1,0.5
r2qkb1r/ppp1pppp/2n2n2/3P1b2/8/2N2N2/PP1PPPPP/R1BQKB1R w - - 0 1,0.5
r2qkb1r/ppp1pppp/2n2n2/3P1b2/7N/2N5/PP1PPPPP/R1BQKB1R b - - 0 1,0.5
r2qkb1r/ppp1pppp/2n5/3n1b2/7N/2N5/PP1PPPPP/R1BQKB1R w - - 0 1,0.5
r2qkb1r/ppp1pppp/2n5/3N1b2/7N/8/PP1PPPPP/R1BQKB1R b - - 0 1,0.5
r3kb1r/ppp1pppp/2n5/3q1b2/7N/8/PP1PPPPP/R1BQKB1R w - - 0 1,0.5
r3kb1r/ppp1pppp/2n5/3q1N2/8/8/PP1PPPPP/R1BQKB1R b - - 0 1,0.5
r3kb1r/ppp1pppp/2n5/5q2/8/8/PP1PPPPP/R1BQKB1R w - - 0 1,0.5
r3kb1r/ppp1pppp/2n5/5q2/3P4/8/PP2PPPP/R1BQKB1R b - - 0 1,0.5
r3kb1r/ppp1pppp/8/5q2/3n4/8/PP2PPPP/R1BQKB1R w - - 0 1,0.5
r3kb1r/ppp1pppp/8/5q2/3Q4/8/PP2PPPP/R1B1KB1R b - - 0 1,0.5
r3kb1r/ppp1pppp/8/8/3Q4/8/PP2PqPP/R1B1KB1R w - - 0 1,0.5
r3kb1r/ppp1pppp/8/8/3Q4/8/PP2PKPP/R1B2B1R b - - 0 1,0.5
r3kb1r/ppp2ppp/8/4p3/3Q4/8/PP2PKPP/R1B2B1R w - - 0 1,0.5
r3kb1r/Qpp2ppp/8/4p3/8/8/PP2PKPP/R1B2B1R b - - 0 1,0.5
4kb1r/rpp2ppp/8/4p3/8/8/PP2PKPP/R1B2B1R w - - 0 1,0.5
4kb1r/rpp2ppp/8/4p3/4P3/8/PP3KPP/R1B2B1R b - - 0 1,0.5
4kb1r/1pp2ppp/8/4p3/4P3/8/rP3KPP/R1B2B1R w - - 0 1,0.5
4kb1r/1pp2ppp/8/4p3/4P3/8/RP3KPP/2B2B1R b - - 0 1,0.5
4k2r/1pp2ppp/8/4p3/1b2P3/8/RP3KPP/2B2B1R w - - 0 1,0.5
4k2r/1pp2ppp/8/4p3/1b2P3/7P/RP3KP1/2B2B1R b - - 0 1,0.5
4kb1r/1pp2ppp/8/4p3/4P3/7P/RP3KP1/2B2B1R w - - 0 1,0.5
4kb1r/1pp2ppp/8/4p3/4P3/4K2P/RP4P1/2B2B1R b - - 0 1,0.5
4k2r/1pp2ppp/8/4p3/4P3/b3K2P/RP4P1/2B2B1R w - - 0 1,0.5
4k2r/1pp2ppp/8/4p3/4P3/b4K1P/RP4P1/2B2B1R b - - 0 1,0.5
4k2r/1pp2ppp/8/4p3/4P3/5K1P/Rb4P1/2B2B1R w - - 0 1,0.5
4k2r/1pp2ppp/8/4p3/4P3/5K1P/RB4P1/5B1R b - - 0 1,0.5
5k1r/1pp2ppp/8/4p3/4P3/5K1P/RB4P1/5B1R w - - 0 1,0.5
5k1r/1pp2ppp/8/4p2P/4P3/5K2/RB4P1/5B1R b - - 0 1,0.5
4k2r/1pp2ppp/8/4p2P/4P3/5K2/RB4P1/5B1R w - - 0 1,0.5
4k2r/1pp2ppp/8/4B2P/4P3/5K2/R5P1/5B1R b - - 0 1,0.5
7r/1pp1kppp/8/4B2P/4P3/5K2/R5P1/5B1R w - - 0 1,0.5
7r/1pp1kpBp/8/7P/4P3/5K2/R5P1/5B1R b - - 0 1,0.5
7r/1pp2pBp/4k3/7P/4P3/5K2/R5P1/5B1R w - - 0 1,0.5
7B/1pp2p1p/4k3/7P/4P3/5K2/R5P1/5B1R b - - 0 1,0.5
7B/1pp2p1p/3k4/7P/4P3/5K2/R5P1/5B1R w - - 0 1,0.5
7B/Rpp2p1p/3k4/7P/4P3/5K2/6P1/5B1R b - - 0 1,0.5
7B/Rppk1p1p/8/7P/4P3/5K2/6P1/5B1R w - - 0 1,0.5
7B/1Rpk1p1p/8/7P/4P3/5K2/6P1/5B1R b - - 0 1,0.5
7B/1Rp2p1p/3k4/7P/4P3/5K2/6P1/5B1R w - - 0 1,0.5
7B/2R2p1p/3k4/7P/4P3/5K2/6P1/5B1R b - - 0 1,0.5
7B/2R4p/3k1p2/7P/4P3/5K2/6P1/5B1R w - - 0 1,0.5
7B/7R/3k1p2/7P/4P3/5K2/6P1/5B1R b - - 0 1,0.5
7B/7R/3k4/7P/4Pp2/5K2/6P1/5B1R w - - 0 1,0.5
7B/7R/3k4/7P/4PK2/8/6P1/5B1R b - - 0 1,0.5
7B/7R/4k3/7P/4PK2/8/6P1/5B1R w - - 0 1,0.5
7B/7R/4k2P/8/4PK2/8/6P1/5B1R b - - 0 1,0.5
7B/7R/3k3P/8/4PK2/8/6P1/5B1R w - - 0 1,0.5
7B/7R/3k3P/4P3/5K2/8/6P1/5B1R b - - 0 1,0.5
7B/7R/7P/3kP3/5K2/8/6P1/5B1R w - - 0 1,0.5
7B/7R/4P2P/3k4/5K2/8/6P1/5B1R b - - 0 1,0.5
7B/7R/4k2P/8/5K2/8/6P1/5B1R w - - 0 1,0.5
7B/7R/4k2P/8/2B2K2/8/6P1/7R b - - 0 1,0.5
7B/7R/3k3P/8/2B2K2/8/6P1/7R w - - 0 1,0.5
7B/4R3/3k3P/8/2B2K2/8/6P1/7R b - - 0 1,0.5
7B/4k3/7P/8/2B2K2/8/6P1/7R w - - 0 1,0.5
7B/4k2P/8/8/2B2K2/8/6P1/7R b - - 0 1,0.5
5k1B/7P/8/8/2B2K2/8/6P1/7R w - - 0 1,0.5
5k2/7P/8/8/2B2K2/2B5/6P1/7R b - - 0 1,0.5
4k3/7P/8/8/2B2K2/2B5/6P1/7R w - - 0 1,0.5
4k3/7P/8/8/2B2K2/2B5/6P1/5R2 b - - 0 1,0.5
8/4k2P/8/8/2B2K2/2B5/6P1/5R2 w - - 0 1,0.5
7Q/4k3/8/8/2B2K2/2B5/6P1/5R2 b - - 0 1,0.5
7Q/8/3k4/8/2B2K2/2B5/6P1/5R2 w - - 0 1,0.5
8/8/3k4/4Q3/2B2K2/2B5/6P1/5R2 b - - 0 1,0.5
8/8/2k5/4Q3/2B2K2/2B5/6P1/5R2 w - - 0 1,0.5
8/8/2kQ4/8/2B2K2/2B5/6P1/5R2 b - - 0 1,0.5
8/8/3k4/8/2B2K2/2B5/6P1/5R2 w - - 0 1,0.5
8/8/3k4/4B3/2B2K2/8/6P1/5R2 b - - 0 1,0.5
8/3k4/8/4B3/2B2K2/8/6P1/5R2 w - - 0 1,0.5
8/3k4/8/4B3/2B2K2/8/6P1/3R4 b - - 0 1,0.5
2k5/8/8/4B3/2B2K2/8/6P1/3R4 w - - 0 1,0.5
2k5/8/8/3BB3/5K2/8/6P1/3R4 b - - 0 1,0.5
3k4/8/8/3BB3/5K2/8/6P1/3R4 w - - 0 1,0.5
3k4/8/8/3BB3/5K2/8/6P1/R7 b - - 0 1,0.5
2k5/8/8/3BB3/5K2/8/6P1/R7 w - - 0 1,0.5
2k5/8/4B3/4B3/5K2/8/6P1/R7 b - - 0 1,0.5
3k4/8/4B3/4B3/5K2/8/6P1/R7 w - - 0 1,0.5
3k4/8/4B3/4B3/8/6K1/6P1/R7 b - - 0 1,0.5
8/4k3/4B3/4B3/8/6K1/6P1/R7 w - - 0 1,0.5
6B1/4k3/8/4B3/8/6K1/6P1/R7 b - - 0 1,0.5
3k2B1/8/8/4B3/8/6K1/6P1/R7 w - - 0 1,0.5
3k2B1/8/8/4B3/8/6K1/6P1/3R4 b - - 0 1,0.5
4k1B1/8/8/4B3/8/6K1/6P1/3R4 w - - 0 1,0.5
4k1B1/8/3R4/4B3/8/6K1/6P1/8 b - - 0 1,0.5
6B1/4k3/3R4/4B3/8/6K1/6P1/8 w - - 0 1,0.5
6B1/4k3/R7/4B3/8/6K1/6P1/8 b - - 0 1,0.5
6B1/3k4/R7/4B3/8/6K1/6P1/8 w - - 0 1,0.5
6B1/3k4/R7/4B3/8/7K/6P1/8 b - - 0 1,0.5
6B1/4k3/R7/4B3/8/7K/6P1/8 w - - 0 1,0.5
R5B1/4k3/8/4B3/8/7K/6P1/8 b - - 0 1,0.5
R5B1/3k4/8/4B3/8/7K/6P1/8 w - - 0 1,0.5
R5B1/3k2B1/8/8/8/7K/6P1/8 b - - 0 1,0.5
R5B1/2k3B1/8/8/8/7K/6P1/8 w - - 0 1,0.5
R5B1/2k5/8/8/3B4/7K/6P1/8 b - - 0 1,0.5
R5B1/1k6/8/8/3B4/7K/6P1/8 w - - 0 1,0.5
R5B1/Bk6/8/8/8/7K/6P1/8 b - - 0 1,0.5
R5B1/B1k5/8/8/8/7K/6P1/8 w - - 0 1,0.5
R5B1/2k5/8/8/8/7K/5BP1/8 b - - 0 1,0.5
R5B1/8/2k5/8/8/7K/5BP1/8 w - - 0 1,0.5
R7/5B2/2k5/8/8/7K/5BP1/8 b - - 0 1,0.5
R7/5B2/8/1k6/8/7K/5BP1/8 w - - 0 1,0.5
R7/5B2/8/1k6/8/6K1/5BP1/8 b - - 0 1,0.5
R7/5B2/2k5/8/8/6K1/5BP1/8 w - - 0 1,0.5
R7/B4B2/2k5/8/8/6K1/6P1/8 b - - 0 1,0.5
R7/B4B2/3k4/8/8/6K1/6P1/8 w - - 0 1,0.5
R7/B7/3k4/8/8/6K1/B5P1/8 b - - 0 1,0.5
R7/B1k5/8/8/8/6K1/B5P1/8 w - - 0 1,0.5
R7/B1k5/8/8/5K2/8/B5P1/8 b - - 0 1,0.5
R7/B7/2k5/8/5K2/8/B5P1/8 w - - 0 1,0.5
R7/8/2k5/8/5K2/4B3/B5P1/8 b - - 0 1,0.5
R7/8/8/1k6/5K2/4B3/B5P1/8 w - - 0 1,0.5
R7/8/8/1k6/8/4B1K1/B5P1/8 b - - 0 1,0.5
R7/8/2k5/8/8/4B1K1/B5P1/8 w - - 0 1,0.5
R7/8/2k5/6B1/8/6K1/B5P1/8 b - - 0 1,0.5
R7/8/1k6/6B1/8/6K1/B5P1/8 w - - 0 1,0.5
R7/8/1k6/8/7B/6K1/B5P1/8 b - - 0 1,0.5
R7/1k6/8/8/7B/6K1/B5P1/8 w - - 0 1,0.5
3R4/1k6/8/8/7B/6K1/B5P1/8 b - - 0 1,0.5
3R4/k7/8/8/7B/6K1/B5P1/8 w - - 0 1,0.5
8/k7/8/3R4/7B/6K1/B5P1/8 b - - 0 1,0.5
8/8/1k6/3R4/7B/6K1/B5P1/8 w - - 0 1,0.5
8/8/1k6/3R4/7B/6K1/6P1/1B6 b - - 0 1,0.5
8/8/k7/3R4/7B/6K1/6P1/1B6 w - - 0 1,0.5
8/8/k7/3R4/4B2B/6K1/6P1/8 b - - 0 1,0.5
8/8/1k6/3R4/4B2B/6K1/6P1/8 w - - 0 1,0.5
8/8/1k6/3R4/4B2B/8/6PK/8 b - - 0 1,0.5
8/k7/8/3R4/4B2B/8/6PK/8 w - - 0 1,0.5
8/k7/8/6R1/4B2B/8/6PK/8 b - - 0 1,0.5
8/8/1k6/6R1/4B2B/8/6PK/8 w - - 0 1,0.5
8/8/1k6/6R1/7B/8/2B3PK/8 b - - 0 1,0.5
8/2k5/8/6R1/7B/8/2B3PK/8 w - - 0 1,0.5
8/2k5/8/8/6RB/8/2B3PK/8 b - - 0 1,0.5
8/8/3k4/8/6RB/8/2B3PK/8 w - - 0 1,0.5
8/8/3k4/8/6RB/3B4/6PK/8 b - - 0 1,0.5
8/8/8/4k3/6RB/3B4/6PK/8 w - - 0 1,0.5
8/8/8/4k3/2B3RB/8/6PK/8 b - - 0 1,0.5
8/8/3k4/8/2B3RB/8/6PK/8 w - - 0 1,0.5
8/8/3k4/6B1/2B3R1/8/6PK/8 b - - 0 1,0.5
8/8/2k5/6B1/2B3R1/8/6PK/8 w - - 0 1,0.5
8/8/2k5/6B1/2B3R1/8/6P1/6K1 b - - 0 1,0.5
8/8/3k4/6B1/2B3R1/8/6P1/6K1 w - - 0 1,0.5
8/8/3k3B/8/2B3R1/8/6P1/6K1 b - - 0 1,0.5
rnbqkbnr/pppppppp/8/8/8/8/PPPPPPPP/RNBQKBNR w - - 0 1,0.5
rnbqkbnr/pppppppp/8/8/8/5N2/PPPPPPPP/RNBQKB1R b - - 0 1,0.5
rnbqkb1r/pppppppp/5n2/8/8/5N2/PPPPPPPP/RNBQKB1R w - - 0 1,0.5
rnbqkb1r/pppppppp/5n2/8/8/2N2N2/PPPPPPPP/R1BQKB1R b - - 0 1,0.5
r1bqkb1r/pppppppp/2n2n2/8/8/2N2N2/PPPPPPPP/R1BQKB1R w - - 0 1,0.5
r1bqkb1r/pppppppp/2n2n2/8/3P4/2N2N2/PPP1PPPP/R1BQKB1R b - - 0 1,0.5
r1bqkb1r/1ppppppp/2n2n2/p7/3P4/2N2N2/PPP1PPPP/R1BQKB1R w - - 0 1,0.5
r1bqkb1r/1ppppppp/2n2n2/p7/3PP3/2N2N2/PPP2PPP/R1BQKB1R b - - 0 1,0.5
r1bqkb1r/1ppppppp/2n5/p7/3Pn3/2N2N2/PPP2PPP/R1BQKB1R w - - 0 1,0.5
r1bqkb1r/1ppppppp/2n5/p7/3PN3/5N2/PPP2PPP/R1BQKB1R b - - 0 1,0.5
r1bqkb1r/1ppppppp/8/p7/3nN3/5N2/PPP2PPP/R1BQKB1R w - - 0 1,0.5
r1bqkb1r/1ppppppp/8/p7/3NN3/8/PPP2PPP/R1BQKB1R b - - 0 1,0.5
r1bqkb1r/1pp1pppp/8/p2p4/3NN3/8/PPP2PPP/R1BQKB1R w - - 0 1,0.5
r1bqkb1r/1pp1pppp/8/p2p4/3NN3/8/PPP1BPPP/R1BQK2R b - - 0 1,0.5
r1bqkb1r/1pp1pppp/8/p7/3Np3/8/PPP1BPPP/R1BQK2R w - - 0 1,0.5
r1bqkb1r/1pp1pppp/8/p5B1/3Np3/8/PPP1BPPP/R2QK2R b - - 0 1,0.5
r1b1kb1r/1pp1pppp/8/p5B1/3qp3/8/PPP1BPPP/R2QK2R w - - 0 1,0.5
r1b1kb1r/1pp1pppp/8/p5B1/3Qp3/8/PPP1BPPP/R3K2R b - - 0 1,0.5
r1b1kb1r/1pp2ppp/8/p3p1B1/3Qp3/8/PPP1BPPP/R3K2R w - - 0 1,0.5
r1b1kb1r/1pp2ppp/8/p3p1B1/4Q3/8/PPP1BPPP/R3K2R b - - 0 1,0.5
r1b1kb1r/1pp2ppp/8/4p1B1/p3Q3/8/PPP1BPPP/R3K2R w - - 0 1,0.5
r1b1kb1r/1Qp2ppp/8/4p1B1/p7/8/PPP1BPPP/R3K2R b - - 0 1,0.5
r3kb1r/1bp2ppp/8/4p1B1/p7/8/PPP1BPPP/R3K2R w - - 0 1,0.5
r3kb1r/1bp2ppp/8/4p3/p4B2/8/PPP1BPPP/R3K2R b - - 0 1,0.5
r3kb1r/1bp2ppp/8/8/p4p2/8/PPP1BPPP/R3K2R w - - 0 1,0.5
r3kb1r/1bp2ppp/8/8/p4p2/8/PPP1BPPP/2R1K2R b - - 0 1,0.5
r3kb1r/2p2ppp/8/8/p4p2/8/PPP1BPbP/2R1K2R w - - 0 1,0.5
r3kb1r/2p2ppp/8/8/p1B2p2/8/PPP2PbP/2R1K2R b - - 0 1,0.5
r3kb1r/2p2ppp/8/8/p1B2p2/8/PPP2P1P/2R1K2b w - - 0 1,0.5
r3kb1r/2p2Bpp/8/8/p4p2/8/PPP2P1P/2R1K2b b - - 0 1,0.5
r4b1r/2p2kpp/8/8/p4p2/8/PPP2P1P/2R1K2b w - - 0 1,0.5
r4b1r/2p2kpp/8/8/p4p2/8/PPP2P1P/2R2K1b b - - 0 1,0.5
r4b1r/2p2kpp/8/8/p7/5p2/PPP2P1P/2R2K1b w - - 0 1,0.5
r4b1r/2p2kpp/8/8/p7/5p2/PPP2P1P/R4K1b b - - 0 1,0.5
r4b1r/2p2kpp/8/8/8/p4p2/PPP2P1P/R4K1b w - - 0 1,0.5
r4b1r/2p2kpp/8/8/8/P4p2/P1P2P1P/R4K1b b - - 0 1,0.5
5b1r/2p2kpp/8/8/8/r4p2/P1P2P1P/R4K1b w - - 0 1,0.5
5b1r/2p2kpp/8/8/8/r4p2/P1P2P1P/1R3K1b b - - 0 1,0.5
5b1r/2p2kpp/8/8/8/5p2/r1P2P1P/1R3K1b w - - 0 1,0.5
5b1r/2p2kpp/8/8/8/1R3p2/r1P2P1P/5K1b b - - 0 1,0.5
5b1r/2p2kpp/8/8/8/1R3p2/2r2P1P/5K1b w - - 0 1,0.5
5b1r/2p2kpp/8/8/8/5R2/2r2P1P/5K1b b - - 0 1,0.5
5b1r/2p2kpp/8/8/8/5b2/2r2P1P/5K2 w - - 0 1,0.5
5b1r/2p2kpp/8/8/8/5b1P/2r2P2/5K2 b - - 0 1,0.5
5b1r/2p2kpp/8/8/8/5b1P/5r2/5K2 w - - 0 1,0.5
5b1r/2p2kpp/8/8/8/5b1P/5K2/8 b - - 0 1,0.5
5b1r/2p3pp/4k3/8/8/5b1P/5K2/8 w - - 0 1,0.5
5b1r/2p3pp/4k3/8/8/5K1P/8/8 b - - 0 1,0.5
5b1r/2p3pp/8/3k4/8/5K1P/8/8 w - - 0 1,0.5
5b1r/2p3pp/8/3k4/8/7P/6K1/8 b - - 0 1,0.5
5b1r/2p3pp/2k5/8/8/7P/6K1/8 w - - 0 1,0.5
5b1r/2p3pp/2k5/7P/8/8/6K1/8 b - - 0 1,0.5
5b1r/2p3p1/2k4p/7P/8/8/6K1/8 w - - 0 1,0.5
5b1r/2p3p1/2k4p/7P/8/7K/8/8 b - - 0 1,0.5
5b1r/2p3p1/3k3p/7P/8/7K/8/8 w - - 0 1,0.5
5b1r/2p3p1/3k3p/7P/6K1/8/8/8 b - - 0 1,0.5
5b1r/2p3p1/2k4p/7P/6K1/8/8/8 w - - 0 1,0.5
5b1r/2p3p1/2k4p/7P/8/5K2/8/8 b - - 0 1,0.5
7r/2p3p1/2k4p/7P/1b6/5K2/8/8 w - - 0 1,0.5
7r/2p3p1/2k4p/7P/1b6/8/5K2/8 b - - 0 1,0.5
7r/2p3p1/7p/2k4P/1b6/8/5K2/8 w - - 0 1,0.5
7r/2p3p1/7p/2k4P/1b6/5K2/8/8 b - - 0 1,0.5
7r/2p3p1/7p/b1k4P/8/5K2/8/8 w - - 0 1,0.5
7r/2p3p1/7p/b1k4P/8/8/5K2/8 b - - 0 1,0.5
4r3/2p3p1/7p/b1k4P/8/8/5K2/8 w - - 0 1,0.5
4r3/2p3p1/7p/b1k4P/8/5K2/8/8 b - - 0 1,0.5
8/2p1r1p1/7p/b1k4P/8/5K2/8/8 w - - 0 1,0.5
8/2p1r1p1/7p/b1k4P/8/8/5K2/8 b - - 0 1,0.5
8/2p3p1/4r2p/b1k4P/8/8/5K2/8 w - - 0 1,0.5
8/2p3p1/4r2p/b1k4P/8/6K1/8/8 b - - 0 1,0.5
8/2p3p1/5r1p/b1k4P/8/6K1/8/8 w - - 0 1,0.5
8/2p3p1/5r1p/b1k4P/8/8/6K1/8 b - - 0 1,0.5
8/2p3p1/1b3r1p/2k4P/8/8/6K1/8 w - - 0 1,0.5
8/2p3p1/1b3r1p/2k4P/8/6K1/8/8 b - - 0 1,0.5
5r2/2p3p1/1b5p/2k4P/8/6K1/8/8 w - - 0 1,0.5
5r2/2p3p1/1b5p/2k4P/7K/8/8/8 b - - 0 1,0.5
5r2/2p3p1/1b1k3p/7P/7K/8/8/8 w - - 0 1,0.5
5r2/2p3p1/1b1k3p/7P/8/6K1/8/8 b - - 0 1,0.5
5r2/b1p3p1/3k3p/7P/8/6K1/8/8 w - - 0 1,0.5
5r2/b1p3p1/3k3p/7P/6K1/8/8/8 b - - 0 1,0.5
7r/b1p3p1/3k3p/7P/6K1/8/8/8 w - - 0 1,0.5
7r/b1p3p1/3k3p/5K1P/8/8/8/8 b - - 0 1,0.5
7r/2p3p1/3k3p/5K1P/8/4b3/8/8 w - - 0 1,0.5
7r/2p3p1/3k3p/7P/4K3/4b3/8/8 b - - 0 1,0.5
7r/2p3p1/1b1k3p/7P/4K3/8/8/8 w - - 0 1,0.5
7r/2p3p1/1b1k3p/7P/8/5K2/8/8 b - - 0 1,0.5
7r/2p3p1/1b2k2p/7P/8/5K2/8/8 w - - 0 1,0.5
7r/2p3p1/1b2k2p/7P/4K3/8/8/8 b - - 0 1,0.5
8/2p3pr/1b2k2p/7P/4K3/8/8/8 w - - 0 1,0.5
8/2p3pr/1b2k2p/7P/5K2/8/8/8 b - - 0 1,0.5
8/2p2kpr/1b5p/7P/5K2/8/8/8 w - - 0 1,0.5
8/2p2kpr/1b5p/7P/4K3/8/8/8 b - - 0 1,0.5
8/b1p2kpr/7p/7P/4K3/8/8/8 w - - 0 1,0.5
8/b1p2kpr/7p/3K3P/8/8/8/8 b - - 0 1,0.5
5k2/b1p3pr/7p/3K3P/8/8/8/8 w - - 0 1,0.5
5k2/b1p3pr/4K2p/7P/8/8/8/8 b - - 0 1,0.5
5k2/2p3pr/4K2p/7P/8/8/8/6b1 w - - 0 1,0.5
5k2/2p3pr/7p/4K2P/8/8/8/6b1 b - - 0 1,0.5
6k1/2p3pr/7p/4K2P/8/8/8/6b1 w - - 0 1,0.5
6k1/2p3pr/7p/7P/4K3/8/8/6b1 b - - 0 1,0.5
6k1/2p3pr/7p/7P/4K3/8/5b2/8 w - - 0 1,0.5
6k1/2p3pr/7p/5K1P/8/8/5b2/8 b - - 0 1,0.5
6k1/2p3pr/7p/5K1P/8/8/8/4b3 w - - 0 1,0.5
6k1/2p3pr/7p/7P/4K3/8/8/4b3 b - - 0 1,0.5
6k1/2p3pr/7p/7P/1b2K3/8/8/8 w - - 0 1,0.5
6k1/2p3pr/7p/7P/1b3K2/8/8/8 b - - 0 1,0.5
6k1/2p3pr/7p/7P/5K2/8/3b4/8 w - - 0 1,0.5
6k1/2p3pr/7p/7P/6K1/8/3b4/8 b - - 0 1,0.5
6k1/2p3pr/7p/7P/1b4K1/8/8/8 w - - 0 1,0.5
6k1/2p3pr/7p/5K1P/1b6/8/8/8 b - - 0 1,0.5
6k1/6pr/2p4p/5K1P/1b6/8/8/8 w - - 0 1,0.5
6k1/6pr/2p4p/4K2P/1b6/8/8/8 b - - 0 1,0.5
6k1/6pr/7p/4K2P/1bp5/8/8/8 w - - 0 1,0.5
6k1/6pr/7p/7P/1bp1K3/8/8/8 b - - 0 1,0.5
6k1/6pr/7p/7P/1b2K3/2p5/8/8 w - - 0 1,0.5
6k1/6pr/7p/7P/1b6/2p1K3/8/8 b - - 0 1,0.5
5k2/6pr/7p/7P/1b6/2p1K3/8/8 w - - 0 1,0.5
5k2/6pr/7p/7P/1b6/2p5/4K3/8 b - - 0 1,0.5
5k2/6pr/7p/7P/1b6/8/2p1K3/8 w - - 0 1,0.5
5k2/6pr/7p/7P/1b6/3K4/2p5/8 b - - 0 1,0.5
5k2/6pr/7p/7P/1b6/3K4/8/2q5 w - - 0 1,0.5
5k2/6pr/7p/7P/1b2K3/8/8/2q5 b - - 0 1,0.5
5k2/6pr/7p/7P/4K3/8/8/2q1b3 w - - 0 1,0.5
5k2/6pr/7p/7P/3K4/8/8/2q1b3 b - - 0 1,0.5
4k3/6pr/7p/7P/3K4/8/8/2q1b3 w - - 0 1,0.5
4k3/6pr/7p/7P/8/3K4/8/2q1b3 b - - 0 1,0.5
4k3/6pr/7p/7P/8/2qK4/8/4b3 w - - 0 1,0.5
4k3/6pr/7p/7P/8/2q5/4K3/4b3 b - - 0 1,0.5
4k3/6pr/7p/7P/8/4q3/4K3/4b3 w - - 0 1,0.5
4k3/6pr/7p/7P/8/4K3/8/4b3 b - - 0 1,0.5
4k3/6pr/7p/7P/8/4K3/3b4/8 w - - 0 1,0.5
4k3/6pr/7p/7P/8/8/3K4/8 b - - 0 1,0.5
4k2r/6p1/7p/7P/8/8/3K4/8 w - - 0 1,0.5
4k2r/6p1/7p/7P/8/2K5/8/8 b - - 0 1,0.5
4k1r1/6p1/7p/7P/8/2K5/8/8 w - - 0 1,0.5
4k1r1/6p1/7p/7P/1K6/8/8/8 b - - 0 1,0.5
4k2r/6p1/7p/7P/1K6/8/8/8 w - - 0 1,0.5
4k2r/6p1/7p/7P/8/2K5/8/8 b - - 0 1,0.5
7r/5kp1/7p/7P/8/2K5/8/8 w - - 0 1,0.5
7r/5kp1/7p/7P/1K6/8/8/8 b - - 0 1,0.5
8/5kpr/7p/7P/1K6/8/8/8 w - - 0 1,0.5
8/5kpr/7p/7P/8/1K6/8/8 b - - 0 1,0.5
8/4k1pr/7p/7P/8/1K6/8/8 w - - 0 1,0.5
8/4k1pr/7p/7P/K7/8/8/8 b - - 0 1,0.5
8/3k2pr/7p/7P/K7/8/8/8 w - - 0 1,0.5
8/3k2pr/7p/7P/1K6/8/8/8 b - - 0 1,0.5
3k4/6pr/7p/7P/1K6/8/8/8 w - - 0 1,0.5
3k4/6pr/7p/7P/8/1K6/8/8 b - - 0 1,0.5
4k3/6pr/7p/7P/8/1K6/8/8 w - - 0 1,0.5
4k3/6pr/7p/7P/8/8/K7/8 b - - 0 1,0.5
rnbqkbnr/pppppppp/8/8/8/8/PPPPPPPP/RNBQKBNR w - - 0 1,0.5
rnbqkbnr/pppppppp/8/8/8/2N5/PPPPPPPP/R1BQKBNR b - - 0 1,0.5
rnbqkb1r/pppppppp/5n2/8/8/2N5/PPPPPPPP/R1BQKBNR w - - 0 1,0.5
rnbqkb1r/pppppppp/5n2/8/8/2N2N2/PPPPPPPP/R1BQKB1R b - - 0 1,0.5
r1bqkb1r/pppppppp/2n2n2/8/8/2N2N2/PPPPPPPP/R1BQKB1R w - - 0 1,0.5
r1bqkb1r/pppppppp/2n2n2/8/3P4/2N2N2/PPP1PPPP/R1BQKB1R b - - 0 1,0.5
r1bqkb1r/pppppppp/5n2/8/3n4/2N2N2/PPP1PPPP/R1BQKB1R w - - 0 1,0.5
r1bqkb1r/pppppppp/5n2/8/3N4/2N5/PPP1PPPP/R1BQKB1R b - - 0 1,0.5
r1bqkb1r/pppppp1p/5np1/8/3N4/2N5/PPP1PPPP/R1BQKB1R w - - 0 1,0.5
r1bqkb1r/pppppp1p/5np1/8/3NP3/2N5/PPP2PPP/R1BQKB1R b - - 0 1,0.5
r1bqkb1r/pppppp1p/6p1/8/3Nn3/2N5/PPP2PPP/R1BQKB1R w - - 0 1,0.5
r1bqkb1r/pppppp1p/6p1/8/3NN3/8/PPP2PPP/R1BQKB1R b - - 0 1,0.5
r1bqk2r/pppppp1p/6pb/8/3NN3/8/PPP2PPP/R1BQKB1R w - - 0 1,0.5
r1bqk2r/pppppp1p/6pB/8/3NN3/8/PPP2PPP/R2QKB1R b - - 0 1,0.5
r1bqk2r/pppp1p1p/6pB/4p3/3NN3/8/PPP2PPP/R2QKB1R w - - 0 1,0.5
r1bqk2r/pppp1p1p/6pB/4p3/3NN3/7P/PPP2PP1/R2QKB1R b - - 0 1,0.5
r1bqk2r/pppp1p1p/6pB/8/3pN3/7P/PPP2PP1/R2QKB1R w - - 0 1,0.5
r1bqk2r/pppp1p1p/6pB/8/3QN3/7P/PPP2PP1/R3KB1R b - - 0 1,0.5
r1bqk2r/ppp2p1p/6pB/3p4/3QN3/7P/PPP2PP1/R3KB1R w - - 0 1,0.5
r1bqk2Q/ppp2p1p/6pB/3p4/4N3/7P/PPP2PP1/R3KB1R b - - 0 1,0.5
r1bq3Q/ppp1kp1p/6pB/3p4/4N3/7P/PPP2PP1/R3KB1R w - - 0 1,0.5
r1bq3Q/ppp1kp1p/6p1/3p4/4N3/4B2P/PPP2PP1/R3KB1R b - - 0 1,0.5
r1b4q/ppp1kp1p/6p1/3p4/4N3/4B2P/PPP2PP1/R3KB1R w - - 0 1,0.5
r1b4q/Bpp1kp1p/6p1/3p4/4N3/7P/PPP2PP1/R3KB1R b - - 0 1,0.5
r1b5/Bpp1kp1p/6p1/3p4/4N3/2q4P/PPP2PP1/R3KB1R w - - 0 1,0.5
r1b5/Bpp1kp1p/6p1/3p4/8/2N4P/PPP2PP1/R3KB1R b - - 0 1,0.5
r1b5/B1p1kp1p/1p4p1/3p4/8/2N4P/PPP2PP1/R3KB1R w - - 0 1,0.5
r1b5/B1p1kp1p/1p4p1/3p4/8/2N4P/PPPK1PP1/R4B1R b - - 0 1,0.5
2b5/r1p1kp1p/1p4p1/3p4/8/2N4P/PPPK1PP1/R4B1R w - - 0 1,0.5
2b5/r1p1kp1p/1p4p1/3p4/8/P1N4P/1PPK1PP1/R4B1R b - - 0 1,0.5
2b5/2p1kp1p/1p4p1/3p4/8/r1N4P/1PPK1PP1/R4B1R w - - 0 1,0.5
2b5/2p1kp1p/1p4p1/3p4/8/R1N4P/1PPK1PP1/5B1R b - - 0 1,0.5
8/2p1kp1p/1p4p1/3p4/8/R1N4b/1PPK1PP1/5B1R w - - 0 1,0.5
8/2p1kp1p/1p4p1/3p4/8/2N4b/RPPK1PP1/5B1R b - - 0 1,0.5
8/2p1kp1p/1p4p1/3p4/8/2N5/RPPK1Pb1/5B1R w - - 0 1,0.5
8/2p1kp1p/1p4p1/3p4/8/2N5/RPPK1PB1/7R b - - 0 1,0.5
8/2p1kp1p/1p6/3p4/6p1/2N5/RPPK1PB1/7R w - - 0 1,0.5
8/2p1kp1p/1p6/3B4/6p1/2N5/RPPK1P2/7R b - - 0 1,0.5
8/2p1kp1p/8/3B4/1p4p1/2N5/RPPK1P2/7R w - - 0 1,0.5
8/2p1kB1p/8/8/1p4p1/2N5/RPPK1P2/7R b - - 0 1,0.5
8/2p2k1p/8/8/1p4p1/2N5/RPPK1P2/7R w - - 0 1,0.5
8/2p2k1R/8/8/1p4p1/2N5/RPPK1P2/8 b - - 0 1,0.5
4k3/2p4R/8/8/1p4p1/2N5/RPPK1P2/8 w - - 0 1,0.5
4k3/2R5/8/8/1p4p1/2N5/RPPK1P2/8 b - - 0 1,0.5
4k3/2R5/8/8/6p1/2p5/RPPK1P2/8 w - - 0 1,0.5
4k3/8/8/8/6p1/2R5/RPPK1P2/8 b - - 0 1,0.5
4k3/8/8/8/8/2R3p1/RPPK1P2/8 w - - 0 1,0.5
4k3/8/8/8/8/6R1/RPPK1P2/8 b - - 0 1,0.5
3k4/8/8/8/8/6R1/RPPK1P2/8 w - - 0 1,0.5
3k4/8/8/8/8/6R1/RPP2P2/3K4 b - - 0 1,0.5
8/4k3/8/8/8/6R1/RPP2P2/3K4 w - - 0 1,0.5
8/4k3/8/8/8/6R1/RPP2P2/2K5 b - - 0 1,0.5
5k2/8/8/8/8/6R1/RPP2P2/2K5 w - - 0 1,0.5
5k2/8/8/8/8/5R2/RPP2P2/2K5 b - - 0 1,0.5
6k1/8/8/8/8/5R2/RPP2P2/2K5 w - - 0 1,0.5
6k1/8/8/8/8/7R/RPP2P2/2K5 b - - 0 1,0.5
5k2/8/8/8/8/7R/RPP2P2/2K5 w - - 0 1,0.5
5k2/8/8/8/8/7R/RPP2P2/1K6 b - - 0 1,0.5
8/4k3/8/8/8/7R/RPP2P2/1K6 w - - 0 1,0.5
8/4k3/8/8/8/7R/RPP2P2/K7 b - - 0 1,0.5
8/8/5k2/8/8/7R/RPP2P2/K7 w - - 0 1,0.5
8/7R/5k2/8/8/8/RPP2P2/K7 b - - 0 1,0.5
8/7R/8/5k2/8/8/RPP2P2/K7 w - - 0 1,0.5
8/8/8/5k2/8/7R/RPP2P2/K7 b - - 0 1,0.5
8/8/8/8/5k2/7R/RPP2P2/K7 w - - 0 1,0.5
8/8/8/8/5k1R/8/RPP2P2/K7 b - - 0 1,0.5
8/8/8/4k3/7R/8/RPP2P2/K7 w - - 0 1,0.5
8/8/8/4k3/2R5/8/RPP2P2/K7 b - - 0 1,0.5
8/8/8/5k2/2R5/8/RPP2P2/K7 w - - 0 1,0.5
R7/8/8/5k2/2R5/8/1PP2P2/K7 b - - 0 1,0.5
R7/8/8/6k1/2R5/8/1PP2P2/K7 w - - 0 1,0.5
R1R5/8/8/6k1/8/8/1PP2P2/K7 b - - 0 1,0.5
R1R5/8/8/8/6k1/8/1PP2P2/K7 w - - 0 1,0.5
2R5/R7/8/8/6k1/8/1PP2P2/K7 b - - 0 1,0.5
2R5/R7/8/8/8/5k2/1PP2P2/K7 w - - 0 1,0.5
4R3/R7/8/8/8/5k2/1PP2P2/K7 b - - 0 1,0.5
4R3/R7/8/8/8/8/1PP2k2/K7 w - - 0 1,0.5
4R3/R7/8/8/8/8/KPP2k2/8 b - - 0 1,0.5
4R3/R7/8/8/8/8/KPP5/6k1 w - - 0 1,0.5
8/R7/8/8/8/8/KPP5/4R1k1 b - - 0 1,0.5
8/R7/8/8/8/8/KPP3k1/4R3 w - - 0 1,0.5
8/R3R3/8/8/8/8/KPP3k1/8 b - - 0 1,0.5
8/R3R3/8/8/8/8/KPP5/6k1 w - - 0 1,0.5
8/4R3/8/8/R7/8/KPP5/6k1 b - - 0 1,0.5
8/4R3/8/8/R7/8/KPP5/5k2 w - - 0 1,0.5
8/R7/8/8/R7/8/KPP5/5k2 b - - 0 1,0.5
8/R7/8/8/R7/8/KPP2k2/8 w - - 0 1,0.5
8/R7/R7/8/8/8/KPP2k2/8 b - - 0 1,0.5
8/R7/R7/8/8/8/KPP5/5k2 w - - 0 1,0.5
8/R7/R7/8/8/8/1PP5/1K3k2 b - - 0 1,0.5
8/R7/R7/8/8/8/1PP5/1K4k1 w - - 0 1,0.5
8/R7/8/8/8/8/1PP5/RK4k1 b - - 0 1,0.5
8/R7/8/8/8/8/1PP5/RK3k2 w - - 0 1,0.5
8/R7/8/8/8/8/KPP5/R4k2 b - - 0 1,0.5
8/R7/8/8/8/8/KPP2k2/R7 w - - 0 1,0.5
8/8/R7/8/8/8/KPP2k2/R7 b - - 0 1,0.5
8/8/R7/8/8/8/KPP3k1/R7 w - - 0 1,0.5
8/8/5R2/8/8/8/KPP3k1/R7 b - - 0 1,0.5
8/8/5R2/8/8/6k1/KPP5/R7 w - - 0 1,0.5
8/8/8/8/8/6k1/KPP2R2/R7 b - - 0 1,0.5
8/8/8/8/8/7k/KPP2R2/R7 w - - 0 1,0.5
8/8/8/8/8/1K5k/1PP2R2/R7 b - - 0 1,0.5
8/8/8/8/7k/1K6/1PP2R2/R7 w - - 0 1,0.5
8/8/8/8/7k/RK6/1PP2R2/8 b - - 0 1,0.5
8/8/8/8/8/RK4k1/1PP2R2/8 w - - 0 1,0.5
8/8/8/8/8/1K4k1/RPP2R2/8 b - - 0 1,0.5
8/8/8/8/8/1K6/RPP2k2/8 w - - 0 1,0.5
8/8/8/8/2K5/8/RPP2k2/8 b - - 0 1,0.5
8/8/8/8/2K5/6k1/RPP5/8 w - - 0 1,0.5
8/8/8/3K4/8/6k1/RPP5/8 b - - 0 1,0.5
8/8/8/3K4/7k/8/RPP5/8 w - - 0 1,0.5
8/8/8/R2K4/7k/8/1PP5/8 b - - 0 1,0.5
8/8/8/R2K2k1/8/8/1PP5/8 w - - 0 1,0.5
8/8/R7/3K2k1/8/8/1PP5/8 b - - 0 1,0.5
8/8/R7/3K4/5k2/8/1PP5/8 w - - 0 1,0.5
8/8/5R2/3K4/5k2/8/1PP5/8 b - - 0 1,0.5
8/8/5R2/3K2k1/8/8/1PP5/8 w - - 0 1,0.5
8/8/3R4/3K2k1/8/8/1PP5/8 b - - 0 1,0.5
8/8/3R4/3K3k/8/8/1PP5/8 w - - 0 1,0.5
8/8/3R4/3K3k/8/2P5/1P6/8 b - - 0 1,0.5
8/8/3R4/3K2k1/8/2P5/1P6/8 w - - 0 1,0.5
8/8/3R4/2PK2k1/8/8/1P6/8 b - - 0 1,0.5
8/8/3R4/2PK4/5k2/8/1P6/8 w - - 0 1,0.5
8/8/2PR4/3K4/5k2/8/1P6/8 b - - 0 1,0.5
8/8/2PR4/3K4/6k1/8/1P6/8 w - - 0 1,0.5
8/2P5/3R4/3K4/6k1/8/1P6/8 b - - 0 1,0.5
8/2P5/3R4/3K1k2/8/8/1P6/8 w - - 0 1,0.5
2Q5/8/3R4/3K1k2/8/8/1P6/8 b - - 0 1,0.5
2Q5/8/3R4/3K4/5k2/8/1P6/8 w - - 0 1,0.5
2Q5/8/3R4/2K5/5k2/8/1P6/8 b - - 0 1,0.5
2Q5/8/3R4/2K1k3/8/8/1P6/8 w - - 0 1,0.5
2Q5/8/8/2K1k3/3R4/8/1P6/8 b - - 0 1,0.5
2Q5/8/5k2/2K5/3R4/8/1P6/8 w - - 0 1,0.5
2Q5/8/5k2/2K5/1R6/8/1P6/8 b - - 0 1,0.5
2Q5/6k1/8/2K5/1R6/8/1P6/8 w - - 0 1,0.5
4Q3/6k1/8/2K5/1R6/8/1P6/8 b - - 0 1,0.5
4Q3/8/7k/2K5/1R6/8/1P6/8 w - - 0 1,0.5
4Q3/8/7k/1RK5/8/8/1P6/8 b - - 0 1,0.5
4Q3/7k/8/1RK5/8/8/1P6/8 w - - 0 1,0.5
4Q3/7k/1R6/2K5/8/8/1P6/8 b - - 0 1,0.5
4Q3/6k1/1R6/2K5/8/8/1P6/8 w - - 0 1,0.5
4Q3/6k1/8/2K5/8/1R6/1P6/8 b - - 0 1,0.5
4Q3/8/7k/2K5/8/1R6/1P6/8 w - - 0 1,0.5
4Q3/8/7k/3K4/8/1R6/1P6/8 b - - 0 1,0.5
4Q3/8/8/3K2k1/8/1R6/1P6/8 w - - 0 1,0.5
4Q3/8/2K5/6k1/8/1R6/1P6/8 b - - 0 1,0.5
4Q3/8/2K5/8/6k1/1R6/1P6/8 w - - 0 1,0.5
4Q3/8/2K5/8/6k1/7R/1P6/8 b - - 0 1,0.5
4Q3/8/2K5/8/8/7k/1P6/8 w - - 0 1,0.5
4Q3/2K5/8/8/8/7k/1P6/8 b - - 0 1,0.5
rnbqkbnr/pppppppp/8/8/8/8/PPPPPPPP/RNBQKBNR w - - 0 1,0.5
rnbqkbnr/pppppppp/8/8/8/N7/PPPPPPPP/R1BQKBNR b - - 0 1,0.5
r1bqkbnr/pppppppp/2n5/8/8/N7/PPPPPPPP/R1BQKBNR w - - 0 1,0.5
r1bqkbnr/pppppppp/2n5/8/7P/N7/PPPPPPP1/R1BQKBNR b - - 0 1,0.5
r1bqkb1r/pppppppp/2n2n2/8/7P/N7/PPPPPPP1/R1BQKBNR w - - 0 1,0.5
r1bqkb1r/pppppppp/2n2n2/8/7P/N4N2/PPPPPPP1/R1BQKB1R b - - 0 1,0.5
r1bqkb1r/pppp1ppp/2n2n2/4p3/7P/N4N2/PPPPPPP1/R1BQKB1R w - - 0 1,0.5
r1bqkb1r/pppp1ppp/2n2n2/4N3/7P/N7/PPPPPPP1/R1BQKB1R b - - 0 1,0.5
r1bqkb1r/pppp1ppp/5n2/4n3/7P/N7/PPPPPPP1/R1BQKB1R w - - 0 1,0.5
r1bqkb1r/pppp1ppp/5n2/4n3/2N4P/8/PPPPPPP1/R1BQKB1R b - - 0 1,0.5
r1bqk2r/pppp1ppp/3b1n2/4n3/2N4P/8/PPPPPPP1/R1BQKB1R w - - 0 1,0.5
r1bqk2r/pppp1ppp/3b1n2/4N3/7P/8/PPPPPPP1/R1BQKB1R b - - 0 1,0.5
r1bqk2r/pppp1ppp/5n2/4b3/7P/8/PPPPPPP1/R1BQKB1R w - - 0 1,0.5
r1bqk2r/pppp1ppp/5n2/4b3/3P3P/8/PPP1PPP1/R1BQKB1R b - - 0 1,0.5
r1bqk2r/pppp1ppp/5n2/8/3b3P/8/PPP1PPP1/R1BQKB1R w - - 0 1,0.5
r1bqk2r/pppp1ppp/5n2/8/3Q3P/8/PPP1PPP1/R1B1KB1R b - - 0 1,0.5
r1bqk2r/ppp2ppp/5n2/3p4/3Q3P/8/PPP1PPP1/R1B1KB1R w - - 0 1,0.5
r1bqk2r/ppp2ppp/5Q2/3p4/7P/8/PPP1PPP1/R1B1KB1R b - - 0 1,0.5
r2qk2r/ppp2ppp/5Q2/3p1b2/7P/8/PPP1PPP1/R1B1KB1R w - - 0 1,0.5
r2qk2r/ppp2ppp/8/3p1Q2/7P/8/PPP1PPP1/R1B1KB1R b - - 0 1,0.5
r3k2r/ppp2ppp/8/3p1Q2/7q/8/PPP1PPP1/R1B1KB1R w - - 0 1,0.5
r3k2r/ppp2ppp/8/3p2Q1/7q/8/PPP1PPP1/R1B1KB1R b - - 0 1,0.5
r3k2r/ppp2ppp/8/3p2q1/8/8/PPP1PPP1/R1B1KB1R w - - 0 1,0.5
r3k2r/ppp2ppp/8/3p2B1/8/8/PPP1PPP1/R3KB1R b - - 0 1,0.5
r3k2r/ppp2ppp/8/6B1/3p4/8/PPP1PPP1/R3KB1R w - - 0 1,0.5
r2Bk2r/ppp2ppp/8/8/3p4/8/PPP1PPP1/R3KB1R b - - 0 1,0.5
r2k3r/ppp2ppp/8/8/3p4/8/PPP1PPP1/R3KB1R w - - 0 1,0.5
r2k3r/ppp2ppR/8/8/3p4/8/PPP1PPP1/R3KB2 b - - 0 1,0.5
r2k4/ppp2ppr/8/8/3p4/8/PPP1PPP1/R3KB2 w - - 0 1,0.5
r2k4/ppp2ppr/8/8/3pP3/8/PPP2PP1/R3KB2 b - - 0 1,0.5
r1k5/ppp2ppr/8/8/3pP3/8/PPP2PP1/R3KB2 w - - 0 1,0.5
r1k5/ppp2ppr/8/8/3pP3/8/PPP2PP1/3RKB2 b - - 0 1,0.5
r1k5/ppp2ppr/8/8/4P3/3p4/PPP2PP1/3RKB2 w - - 0 1,0.5
r1k5/ppp2ppr/8/8/4P3/3R4/PPP2PP1/4KB2 b - - 0 1,0.5
r1k4r/ppp2pp1/8/8/4P3/3R4/PPP2PP1/4KB2 w - - 0 1,0.5
r1k4r/ppp2pp1/8/4P3/8/3R4/PPP2PP1/4KB2 b - - 0 1,0.5
r1k5/ppp2pp1/8/4P2r/8/3R4/PPP2PP1/4KB2 w - - 0 1,0.5
r1k5/ppp2pp1/4P3/7r/8/3R4/PPP2PP1/4KB2 b - - 0 1,0.5
r1k5/ppp3p1/4p3/7r/8/3R4/PPP2PP1/4KB2 w - - 0 1,0.5
r1k5/ppp3p1/4p3/7r/8/8/PPP2PP1/3RKB2 b - - 0 1,0.5
r1k5/ppp3p1/4p3/8/8/7r/PPP2PP1/3RKB2 w - - 0 1,0.5
r1k5/ppp3p1/4p3/8/8/7P/PPP2P2/3RKB2 b - - 0 1,0.5
r1k5/ppp3p1/8/8/4p3/7P/PPP2P2/3RKB2 w - - 0 1,0.5
r1k5/ppp3p1/8/8/4p3/7P/PPP1BP2/3RK3 b - - 0 1,0.5
r1k5/ppp3p1/8/8/8/4p2P/PPP1BP2/3RK3 w - - 0 1,0.5
r1k5/ppp3p1/8/8/8/4P2P/PPP1B3/3RK3 b - - 0 1,0.5
rk6/ppp3p1/8/8/8/4P2P/PPP1B3/3RK3 w - - 0 1,0.5
rk6/ppp3p1/8/4P3/8/7P/PPP1B3/3RK3 b - - 0 1,0.5
rk6/1pp3p1/p7/4P3/8/7P/PPP1B3/3RK3 w - - 0 1,0.5
rk6/1pp3p1/B7/4P3/8/7P/PPP5/3RK3 b - - 0 1,0.5
1k6/1pp3p1/r7/4P3/8/7P/PPP5/3RK3 w - - 0 1,0.5
1k6/1pp3p1/r3P3/8/8/7P/PPP5/3RK3 b - - 0 1,0.5
1k6/1pp3p1/4r3/8/8/7P/PPP5/3RK3 w - - 0 1,0.5
1k6/1pp3p1/4r3/8/8/7P/PPP5/3R1K2 b - - 0 1,0.5
1k6/1pp1r1p1/8/8/8/7P/PPP5/3R1K2 w - - 0 1,0.5
1k6/1pp1r1p1/8/8/8/7P/PPP3K1/3R4 b - - 0 1,0.5
1k6/1pp3p1/4r3/8/8/7P/PPP3K1/3R4 w - - 0 1,0.5
1k6/1pp3p1/4r3/8/8/7P/PPP5/3R3K b - - 0 1,0.5
1k6/1pp3p1/8/4r3/8/7P/PPP5/3R3K w - - 0 1,0.5
1k6/1pp3p1/8/4r3/8/1P5P/P1P5/3R3K b - - 0 1,0.5
1k6/1pp3p1/8/7r/8/1P5P/P1P5/3R3K w - - 0 1,0.5
1k6/1pp3p1/8/1P5r/8/7P/P1P5/3R3K b - - 0 1,0.5
1k6/1pp3p1/8/1P4r1/8/7P/P1P5/3R3K w - - 0 1,0.5
1k6/1pp3p1/1P6/6r1/8/7P/P1P5/3R3K b - - 0 1,0.5
1k6/1p4p1/1p6/6r1/8/7P/P1P5/3R3K w - - 0 1,0.5
1k6/1p1R2p1/1p6/6r1/8/7P/P1P5/7K b - - 0 1,0.5
1k6/1p1R2p1/8/6r1/1p6/7P/P1P5/7K w - - 0 1,0.5
1k6/1p4R1/8/6r1/1p6/7P/P1P5/7K b - - 0 1,0.5
1k6/1p4r1/8/8/1p6/7P/P1P5/7K w - - 0 1,0.5
1k6/1p4r1/8/8/1p6/7P/P1P4K/8 b - - 0 1,0.5
1k6/1p4r1/8/8/8/1p5P/P1P4K/8 w - - 0 1,0.5
1k6/1p4r1/8/7P/8/1p6/P1P4K/8 b - - 0 1,0.5
1k6/1p4r1/8/7P/8/8/p1P4K/8 w - - 0 1,0.5
1k6/1p4r1/7P/8/8/8/p1P4K/8 b - - 0 1,0.5
1k6/1pr5/7P/8/8/8/p1P4K/8 w - - 0 1,0.5
1k6/1pr4P/8/8/8/8/p1P4K/8 b - - 0 1,0.5
1k6/1pr4P/8/8/8/8/2P4K/q7 w - - 0 1,0.5
1k6/1pr4P/8/8/2P5/8/7K/q7 b - - 0 1,0.5
1k6/1p5P/8/8/2r5/8/7K/q7 w - - 0 1,0.5
1k5Q/1p6/8/8/2r5/8/7K/q7 b - - 0 1,0.5
1k5q/1p6/8/8/2r5/8/7K/8 w - - 0 1,0.5
1k5q/1p6/8/8/2r5/8/6K1/8 b - - 0 1,0.5
1k1q4/1p6/8/8/2r5/8/6K1/8 w - - 0 1,0.5
1k1q4/1p6/8/8/2r5/7K/8/8 b - - 0 1,0.5
1k1q4/1p6/8/8/1r6/7K/8/8 w - - 0 1,0.5
1k1q4/1p6/8/8/1r6/6K1/8/8 b - - 0 1,0.5
1k6/1p6/8/8/1r6/6K1/8/3q4 w - - 0 1,0.5
1k6/1p6/8/8/1r6/8/6K1/3q4 b - - 0 1,0.5
1k6/1p6/8/8/1r6/8/6K1/4q3 w - - 0 1,0.5
1k6/1p6/8/8/1r6/8/7K/4q3 b - - 0 1,0.5
1k6/8/1p6/8/1r6/8/7K/4q3 w - - 0 1,0.5
1k6/8/1p6/8/1r6/7K/8/4q3 b - - 0 1,0.5
1k6/8/8/1p6/1r6/7K/8/4q3 w - - 0 1,0.5
1k6/8/8/1p6/1r6/8/7K/4q3 b - - 0 1,0.5
1k6/8/8/1p6/1r6/8/4q2K/8 w - - 0 1,0.5
1k6/8/8/1p6/1r6/6K1/4q3/8 b - - 0 1,0.5
1k6/8/8/1p6/1r6/6K1/q7/8 w - - 0 1,0.5
1k6/8/8/1p6/1r6/5K2/q7/8 b - - 0 1,0.5
1k6/8/8/1p6/1r6/5K2/1q6/8 w - - 0 1,0.5
1k6/8/8/1p6/1r6/6K1/1q6/8 b - - 0 1,0.5
1k6/8/8/1p6/1r6/2q3K1/8/8 w - - 0 1,0.5
1k6/8/8/1p6/1r6/2q5/5K2/8 b - - 0 1,0.5
1k6/8/8/1p6/1r6/8/5K2/4q3 w - - 0 1,0.5
1k6/8/8/1p6/1r6/8/8/4K3 b - - 0 1,0.5
1k6/8/8/1p6/6r1/8/8/4K3 w - - 0 1,0.5
1k6/8/8/1p6/6r1/8/8/5K2 b - - 0 1,0.5
1k6/8/8/8/1p4r1/8/8/5K2 w - - 0 1,0.5
1k6/8/8/8/1p4r1/8/4K3/8 b - - 0 1,0.5
1k6/8/8/8/6r1/1p6/4K3/8 w - - 0 1,0.5
1k6/8/8/8/6r1/1p3K2/8/8 b - - 0 1,0.5
1k6/8/8/8/6r1/5K2/1p6/8 w - - 0 1,0.5
1k6/8/8/8/6K1/8/1p6/8 b - - 0 1,0.5
1k6/8/8/8/6K1/8/8/1q6 w - - 0 1,0.5
1k6/8/8/8/7K/8/8/1q6 b - - 0 1,0.5
1k6/8/8/1q6/7K/8/8/8 w - - 0 1,0.5
1k6/8/8/1q6/8/6K1/8/8 b - - 0 1,0.5
1k6/3q4/8/8/8/6K1/8/8 w - - 0 1,0.5
1k6/3q4/8/8/5K2/8/8/8 b - - 0 1,0.5
1k6/8/8/1q6/5K2/8/8/8 w - - 0 1,0.5
1k6/8/8/1q6/8/5K2/8/8 b - - 0 1,0.5
1k6/8/1q6/8/8/5K2/8/8 w - - 0 1,0.5
1k6/8/1q6/8/5K2/8/8/8 b - - 0 1,0.5
1k6/8/7q/8/5K2/8/8/8 w - - 0 1,0.5
1k6/8/7q/8/6K1/8/8/8 b - - 0 1,0.5
1k6/7q/8/8/6K1/8/8/8 w - - 0 1,0.5
1k6/7q/8/8/8/5K2/8/8 b - - 0 1,0.5
2k5/7q/8/8/8/5K2/8/8 w - - 0 1,0.5
2k5/7q/8/8/8/4K3/8/8 b - - 0 1,0.5
2k5/8/8/8/8/4K3/2q5/8 w - - 0 1,0.5
2k5/8/8/8/3K4/8/2q5/8 b - - 0 1,0.5
8/1k6/8/8/3K4/8/2q5/8 w - - 0 1,0.5
8/1k6/8/8/8/4K3/2q5/8 b - - 0 1,0.5
8/1k6/8/8/8/3qK3/8/8 w - - 0 1,0.5
8/1k6/8/8/8/3K4/8/8 b - - 0 1,0.5
8/8/2k5/8/8/3K4/8/8 w - - 0 1,0.5
8/8/2k5/8/8/8/4K3/8 b - - 0 1,0.5
8/8/8/1k6/8/8/4K3/8 w - - 0 1,0.5
8/8/8/1k6/8/8/8/4K3 b - - 0 1,0.5
8/8/8/8/2k5/8/8/4K3 w - - 0 1,0.5
8/8/8/8/2k5/8/8/3K4 b - - 0 1,0.5
8/8/8/8/8/1k6/8/3K4 w - - 0 1,0.5
8/8/8/8/8/1k6/3K4/8 b - - 0 1,0.5
8/8/8/8/1k6/8/3K4/8 w - - 0 1,0.5
8/8/8/8/1k6/4K3/8/8 b - - 0 1,0.5
8/8/8/8/k7/4K3/8/8 w - - 0 1,0.5
8/8/8/8/k7/5K2/8/8 b - - 0 1,0.5
8/8/8/k7/8/5K2/8/8 w - - 0 1,0.5
8/8/8/k7/8/8/6K1/8 b - - 0 1,0.5
8/8/8/8/k7/8/6K1/8 w - - 0 1,0.5
8/8/8/8/k7/6K1/8/8 b - - 0 1,0.5
rnbqkbnr/pppppppp/8/8/8/8/PPPPPPPP/RNBQKBNR w - - 0 1,0.5
rnbqkbnr/pppppppp/8/8/8/P7/1PPPPPPP/RNBQKBNR b - - 0 1,0.5
r1bqkbnr/pppppppp/2n5/8/8/P7/1PPPPPPP/RNBQKBNR w - - 0 1,0.5
r1bqkbnr/pppppppp/2n5/8/8/P1N5/1PPPPPPP/R1BQKBNR b - - 0 1,0.5
r1bqkb1r/pppppppp/2n2n2/8/8/P1N5/1PPPPPPP/R1BQKBNR w - - 0 1,0.5
r1bqkb1r/pppppppp/2n2n2/8/8/P1N2N2/1PPPPPPP/R1BQKB1R b - - 0 1,0.5
r1bqkb1r/pppp1ppp/2n2n2/4p3/8/P1N2N2/1PPPPPPP/R1BQKB1R w - - 0 1,0.5
r1bqkb1r/pppp1ppp/2n2n2/4N3/8/P1N5/1PPPPPPP/R1BQKB1R b - - 0 1,0.5
r1bqkb1r/pppp1ppp/5n2/4n3/8/P1N5/1PPPPPPP/R1BQKB1R w - - 0 1,0.5
r1bqkb1r/pppp1ppp/5n2/4n3/3P4/P1N5/1PP1PPPP/R1BQKB1R b - - 0 1,0.5
r1bqk2r/pppp1ppp/5n2/4n3/3P4/b1N5/1PP1PPPP/R1BQKB1R w - - 0 1,0.5
r1bqk2r/pppp1ppp/5n2/4P3/8/b1N5/1PP1PPPP/R1BQKB1R b - - 0 1,0.5
r1bqk2r/pppp1ppp/5n2/4P3/8/2N5/1bP1PPPP/R1BQKB1R w - - 0 1,0.5
r1bqk2r/pppp1ppp/5n2/4P3/8/2N5/1BP1PPPP/R2QKB1R b - - 0 1,0.5
r1bqk2r/pppp1ppp/8/3nP3/8/2N5/1BP1PPPP/R2QKB1R w - - 0 1,0.5
r1bqk2r/pppp1ppp/8/3NP3/8/8/1BP1PPPP/R2QKB1R b - - 0 1,0.5
r1bqk2r/pppp1pp1/7p/3NP3/8/8/1BP1PPPP/R2QKB1R w - - 0 1,0.5
r1bqk2r/Rppp1pp1/7p/3NP3/8/8/1BP1PPPP/3QKB1R b - - 0 1,0.5
r1bqk2r/Rppp1pp1/8/3NP3/7p/8/1BP1PPPP/3QKB1R w - - 0 1,0.5
R1bqk2r/1ppp1pp1/8/3NP3/7p/8/1BP1PPPP/3QKB1R b - - 0 1,0.5
R1bqk2r/1pp2pp1/3p4/3NP3/7p/8/1BP1PPPP/3QKB1R w - - 0 1,0.5
2Rqk2r/1pp2pp1/3p4/3NP3/7p/8/1BP1PPPP/3QKB1R b - - 0 1,0.5
2q1k2r/1pp2pp1/3p4/3NP3/7p/8/1BP1PPPP/3QKB1R w - - 0 1,0.5
2q1k2r/1pp2pp1/3P4/3N4/7p/8/1BP1PPPP/3QKB1R b - - 0 1,0.5
2q1k2r/1p3pp1/3p4/3N4/7p/8/1BP1PPPP/3QKB1R w - - 0 1,0.5
2q1k2r/1p3pB1/3p4/3N4/7p/8/2P1PPPP/3QKB1R b - - 0 1,0.5
4k2r/1p3pB1/3p4/3N4/7p/8/2q1PPPP/3QKB1R w - - 0 1,0.5
4k2r/1p3pB1/3p4/3N4/7p/8/2Q1PPPP/4KB1R b - - 0 1,0.5
4k2r/5pB1/3p4/1p1N4/7p/8/2Q1PPPP/4KB1R w - - 0 1,0.5
4k2B/5p2/3p4/1p1N4/7p/8/2Q1PPPP/4KB1R b - - 0 1,0.5
4k2B/5p2/3p4/3N4/1p5p/8/2Q1PPPP/4KB1R w - - 0 1,0.5
4k2B/5p2/3p4/8/1N5p/8/2Q1PPPP/4KB1R b - - 0 1,0.5
4k2B/5p2/8/8/1N1p3p/8/2Q1PPPP/4KB1R w - - 0 1,0.5
4k2B/5p2/8/8/1N1p3p/8/2Q1PPPP/3K1B1R b - - 0 1,0.5
4k2B/5p2/8/8/1N1p4/7p/2Q1PPPP/3K1B1R w - - 0 1,0.5
4k2B/5p2/8/8/1N1p4/6Pp/2Q1PP1P/3K1B1R b - - 0 1,0.5
7B/4kp2/8/8/1N1p4/6Pp/2Q1PP1P/3K1B1R w - - 0 1,0.5
8/4kp2/8/8/1N1B4/6Pp/2Q1PP1P/3K1B1R b - - 0 1,0.5
8/3k1p2/8/8/1N1B4/6Pp/2Q1PP1P/3K1B1R w - - 0 1,0.5
8/3k1p2/8/8/1N1B4/6PB/2Q1PP1P/3K3R b - - 0 1,0.5
3k4/5p2/8/8/1N1B4/6PB/2Q1PP1P/3K3R w - - 0 1,0.5
3k4/5p2/8/8/1N1BP3/6PB/2Q2P1P/3K3R b - - 0 1,0.5
8/4kp2/8/8/1N1BP3/6PB/2Q2P1P/3K3R w - - 0 1,0.5
8/4kp2/8/8/3BP3/3N2PB/2Q2P1P/3K3R b - - 0 1,0.5
4k3/5p2/8/8/3BP3/3N2PB/2Q2P1P/3K3R w - - 0 1,0.5
4k3/5p2/8/8/3BP3/2QN2PB/5P1P/3K3R b - - 0 1,0.5
8/4kp2/8/8/3BP3/2QN2PB/5P1P/3K3R w - - 0 1,0.5
8/4kp2/8/6P1/3BP3/2QN3B/5P1P/3K3R b - - 0 1,0.5
8/4k3/8/5pP1/3BP3/2QN3B/5P1P/3K3R w - - 0 1,0.5
8/4k3/8/5pP1/3BP1B1/2QN4/5P1P/3K3R b - - 0 1,0.5
8/4k3/8/6P1/3BP1p1/2QN4/5P1P/3K3R w - - 0 1,0.5
8/4k3/6P1/8/3BP1p1/2QN4/5P1P/3K3R b - - 0 1,0.5
8/4k3/6P1/8/3BP3/2QN2p1/5P1P/3K3R w - - 0 1,0.5
8/4k3/6P1/8/3BP3/2QN2P1/5P2/3K3R b - - 0 1,0.5
4k3/8/6P1/8/3BP3/2QN2P1/5P2/3K3R w - - 0 1,0.5
4k3/6P1/8/8/3BP3/2QN2P1/5P2/3K3R b - - 0 1,0.5
8/4k1P1/8/8/3BP3/2QN2P1/5P2/3K3R w - - 0 1,0.5
2Q5/4k1P1/8/8/3BP3/3N2P1/5P2/3K3R b - - 0 1,0.5
2Q5/6P1/3k4/8/3BP3/3N2P1/5P2/3K3R w - - 0 1,0.5
2Q3Q1/8/3k4/8/3BP3/3N2P1/5P2/3K3R b - - 0 1,0.5
2Q3Q1/4k3/8/8/3BP3/3N2P1/5P2/3K3R w - - 0 1,0.5
2Q3Q1/4k3/8/6P1/3BP3/3N4/5P2/3K3R b - - 0 1,0.5
2Q3Q1/8/3k4/6P1/3BP3/3N4/5P2/3K3R w - - 0 1,0.5
2Q3Q1/8/3k2P1/8/3BP3/3N4/5P2/3K3R b - - 0 1,0.5
2Q3Q1/4k3/6P1/8/3BP3/3N4/5P2/3K3R w - - 0 1,0.5
2Q3Q1/4k1P1/8/8/3BP3/3N4/5P2/3K3R b - - 0 1,0.5
2Q3Q1/6P1/3k4/8/3BP3/3N4/5P2/3K3R w - - 0 1,0.5
2Q3Q1/6P1/3k4/4P3/3B4/3N4/5P2/3K3R b - - 0 1,0.5
2Q3Q1/4k1P1/8/4P3/3B4/3N4/5P2/3K3R w - - 0 1,0.5
2Q3Q1/4k1P1/4P3/8/3B4/3N4/5P2/3K3R b - - 0 1,0.5
2Q3Q1/6P1/3kP3/8/3B4/3N4/5P2/3K3R w - - 0 1,0.5
2Q3Q1/6P1/3kP3/4N3/3B4/8/5P2/3K3R b - - 0 1,0.5
2Q3Q1/6P1/4P3/3kN3/3B4/8/5P2/3K3R w - - 0 1,0.5
2Q3Q1/4P1P1/8/3kN3/3B4/8/5P2/3K3R b - - 0 1,0.5
2Q3Q1/4P1P1/8/4N3/3k4/8/5P2/3K3R w - - 0 1,0.5
2Q1Q1Q1/6P1/8/4N3/3k4/8/5P2/3K3R b - - 0 1,0.5
2Q1Q1Q1/6P1/8/4N3/4k3/8/5P2/3K3R w - - 0 1,0.5
2Q3Q1/3Q2P1/8/4N3/4k3/8/5P2/3K3R b - - 0 1,0.5
2Q3Q1/3Q2P1/8/4k3/8/8/5P2/3K3R w - - 0 1,0.5
2Q3Q1/6P1/4Q3/4k3/8/8/5P2/3K3R b - - 0 1,0.5
2Q3Q1/6P1/4Q3/8/5k2/8/5P2/3K3R w - - 0 1,0.5
2Q1Q3/6P1/4Q3/8/5k2/8/5P2/3K3R b - - 0 1,0.5
2Q1Q3/6P1/4Q3/6k1/8/8/5P2/3K3R w - - 0 1,0.5
2Q5/6P1/4Q3/1Q4k1/8/8/5P2/3K3R b - - 0 1,0.5
2Q5/6P1/4Q3/1Q6/5k2/8/5P2/3K3R w - - 0 1,0.5
2Q3Q1/8/4Q3/1Q6/5k2/8/5P2/3K3R b - - 0 1,0.5
2Q3Q1/8/4Q3/1Q6/8/5k2/5P2/3K3R w - - 0 1,0.5
2Q3Q1/8/8/1Q6/8/5k2/4QP2/3K3R b - - 0 1,0.5
2Q3Q1/8/8/1Q6/5k2/8/4QP2/3K3R w - - 0 1,0.5
2Q1Q1Q1/8/8/1Q6/5k2/8/5P2/3K3R b - - 0 1,0.5
2Q1Q1Q1/8/8/1Q6/8/5k2/5P2/3K3R w - - 0 1,0.5
2Q1Q3/7Q/8/1Q6/8/5k2/5P2/3K3R b - - 0 1,0.5
2Q1Q3/7Q/8/1Q6/8/8/5k2/3K3R w - - 0 1,0.5
4Q3/7Q/8/1QQ5/8/8/5k2/3K3R b - - 0 1,0.5
4Q3/7Q/8/1QQ5/8/6k1/8/3K3R w - - 0 1,0.5
4Q3/7Q/8/2Q5/8/6k1/8/3K1Q1R b - - 0 1,0.5
4Q3/7Q/8/2Q5/6k1/8/8/3K1Q1R w - - 0 1,0.5
8/7Q/8/2Q1Q3/6k1/8/8/3K1Q1R b - - 0 1,0.5
rnbqkbnr/pppppppp/8/8/8/8/PPPPPPPP/RNBQKBNR w - - 0 1,0.5
rnbqkbnr/pppppppp/8/8/8/5N2/PPPPPPPP/RNBQKB1R b - - 0 1,0.5
rnbqkbnr/p1pppppp/8/1p6/8/5N2/PPPPPPPP/RNBQKB1R w - - 0 1,0.5
rnbqkbnr/p1pppppp/8/1p6/8/2N2N2/PPPPPPPP/R1BQKB1R b - - 0 1,0.5
r1bqkbnr/p1pppppp/2n5/1p6/8/2N2N2/PPPPPPPP/R1BQKB1R w - - 0 1,0.5
r1bqkbnr/p1pppppp/2n5/1N6/8/5N2/PPPPPPPP/R1BQKB1R b - - 0 1,0.5
r1bqkbnr/p1p1pppp/2np4/1N6/8/5N2/PPPPPPPP/R1BQKB1R w - - 0 1,0.5
r1bqkbnr/p1p1pppp/2nN4/8/8/5N2/PPPPPPPP/R1BQKB1R b - - 0 1,0.5
r1bqkbnr/p3pppp/2np4/8/8/5N2/PPPPPPPP/R1BQKB1R w - - 0 1,0.5
r1bqkbnr/p3pppp/2np4/8/3P4/5N2/PPP1PPPP/R1BQKB1R b - - 0 1,0.5
r1bqkbnr/p4ppp/2np4/4p3/3P4/5N2/PPP1PPPP/R1BQKB1R w - - 0 1,0.5
r1bqkbnr/p4ppp/2np4/4N3/3P4/8/PPP1PPPP/R1BQKB1R b - - 0 1,0.5
r1bqkbnr/p4ppp/2n5/4p3/3P4/8/PPP1PPPP/R1BQKB1R w - - 0 1,0.5
r1bqkbnr/p4ppp/2n5/4P3/8/8/PPP1PPPP/R1BQKB1R b - - 0 1,0.5
r1b1kbnr/p4ppp/2n5/q3P3/8/8/PPP1PPPP/R1BQKB1R w - - 0 1,0.5
r1b1kbnr/p4ppp/2n5/q3P3/8/8/PPPBPPPP/R2QKB1R b - - 0 1,0.5
r1b1kbnr/p4ppp/8/q3n3/8/8/PPPBPPPP/R2QKB1R w - - 0 1,0.5
r1b1kbnr/p4ppp/8/B3n3/8/8/PPP1PPPP/R2QKB1R b - - 0 1,0.5
r1b1kb1r/p4ppp/5n2/B3n3/8/8/PPP1PPPP/R2QKB1R w - - 0 1,0.5
r1b1kb1r/p4ppp/5n2/B3n3/4P3/8/PPP2PPP/R2QKB1R b - - 0 1,0.5
r3kb1r/p4ppp/b4n2/B3n3/4P3/8/PPP2PPP/R2QKB1R w - - 0 1,0.5
r3kb1r/p4ppp/b4n2/B3n3/4P3/3Q4/PPP2PPP/R3KB1R b - - 0 1,0.5
r3kb1r/p4ppp/5n2/B3n3/4P3/3b4/PPP2PPP/R3KB1R w - - 0 1,0.5
r3kb1r/p4ppp/5n2/B3n3/4P3/3B4/PPP2PPP/R3K2R b - - 0 1,0.5
r3kb1r/p4ppp/5n2/B7/4P3/3n4/PPP2PPP/R3K2R w - - 0 1,0.5
r3kb1r/p4ppp/5n2/B7/4P3/3P4/PP3PPP/R3K2R b - - 0 1,0.5
r3kb1r/p4ppp/8/B7/4n3/3P4/PP3PPP/R3K2R w - - 0 1,0.5
r3kb1r/p4ppp/8/B7/4P3/8/PP3PPP/R3K2R b - - 0 1,0.5
r3k2r/p3bppp/8/B7/4P3/8/PP3PPP/R3K2R w - - 0 1,0.5
r3k2r/p3bppp/8/B3P3/8/8/PP3PPP/R3K2R b - - 0 1,0.5
r2bk2r/p4ppp/8/B3P3/8/8/PP3PPP/R3K2R w - - 0 1,0.5
r2Bk2r/p4ppp/8/4P3/8/8/PP3PPP/R3K2R b - - 0 1,0.5
r2k3r/p4ppp/8/4P3/8/8/PP3PPP/R3K2R w - - 0 1,0.5
r2k3r/p4ppp/4P3/8/8/8/PP3PPP/R3K2R b - - 0 1,0.5
r2k3r/p5pp/4p3/8/8/8/PP3PPP/R3K2R w - - 0 1,0.5
r2k3r/p5pp/4p3/8/8/8/PP1K1PPP/R6R b - - 0 1,0.5
r6r/p3k1pp/4p3/8/8/8/PP1K1PPP/R6R w - - 0 1,0.5
r6r/p3k1pp/4p3/8/8/8/PP1K1PPP/3R3R b - - 0 1,0.5
r6r/p4kpp/4p3/8/8/8/PP1K1PPP/3R3R w - - 0 1,0.5
r6r/p4kpp/4p3/8/8/8/PP1K1PPP/2R4R b - - 0 1,0.5
r6r/p4kpp/8/8/4p3/8/PP1K1PPP/2R4R w - - 0 1,0.5
r6r/p4kpp/8/8/4p3/4K3/PP3PPP/2R4R b - - 0 1,0.5
r6r/p5pp/5k2/8/4p3/4K3/PP3PPP/2R4R w - - 0 1,0.5
r6r/p5pp/5k2/8/4K3/8/PP3PPP/2R4R b - - 0 1,0.5
r4r2/p5pp/5k2/8/4K3/8/PP3PPP/2R4R w - - 0 1,0.5
r1R2r2/p5pp/5k2/8/4K3/8/PP3PPP/7R b - - 0 1,0.5
r1r5/p5pp/5k2/8/4K3/8/PP3PPP/7R w - - 0 1,0.5
r1r5/p5pp/5k2/8/4K3/8/PP3PPP/3R4 b - - 0 1,0.5
r1r5/p5pp/8/6k1/4K3/8/PP3PPP/3R4 w - - 0 1,0.5
r1r5/p5pp/8/6k1/4K3/8/PP3PPP/2R5 b - - 0 1,0.5
r7/p5pp/8/2r3k1/4K3/8/PP3PPP/2R5 w - - 0 1,0.5
r7/p5pp/8/2R3k1/4K3/8/PP3PPP/8 b - - 0 1,0.5
r7/p5pp/6k1/2R5/4K3/8/PP3PPP/8 w - - 0 1,0.5
r7/p5pp/6k1/2R5/4K3/7P/PP3PP1/8 b - - 0 1,0.5
5r2/p5pp/6k1/2R5/4K3/7P/PP3PP1/8 w - - 0 1,0.5
5r2/p5pp/6k1/2R1K3/8/7P/PP3PP1/8 b - - 0 1,0.5
8/p5pp/6k1/2R1K3/8/7P/PP3rP1/8 w - - 0 1,0.5
8/p5pp/6k1/4K3/8/2R4P/PP3rP1/8 b - - 0 1,0.5
8/p5pp/6k1/4K3/8/2R4P/PP4r1/8 w - - 0 1,0.5
8/p5pp/6k1/4K3/8/1PR4P/P5r1/8 b - - 0 1,0.5
8/p5pp/6k1/4K3/8/1PR4P/r7/8 w - - 0 1,0.5
8/p5pp/6k1/1P2K3/8/2R4P/r7/8 b - - 0 1,0.5
8/p5pp/7k/1P2K3/8/2R4P/r7/8 w - - 0 1,0.5
8/p5pp/1P5k/4K3/8/2R4P/r7/8 b - - 0 1,0.5
8/6pp/1p5k/4K3/8/2R4P/r7/8 w - - 0 1,0.5
8/6pp/1p5k/2R1K3/8/7P/r7/8 b - - 0 1,0.5
8/6pp/7k/2p1K3/8/7P/r7/8 w - - 0 1,0.5
8/6pp/7k/2p2K2/8/7P/r7/8 b - - 0 1,0.5
8/6pp/7k/5K2/2p5/7P/r7/8 w - - 0 1,0.5
8/6pp/7k/8/2p3K1/7P/r7/8 b - - 0 1,0.5
8/6pp/7k/8/6K1/2p4P/r7/8 w - - 0 1,0.5
8/6pp/7k/7P/6K1/2p5/r7/8 b - - 0 1,0.5
8/6pp/7k/7P/6K1/8/r1p5/8 w - - 0 1,0.5
8/6pp/7k/7P/8/5K2/r1p5/8 b - - 0 1,0.5
8/6pp/7k/7P/8/5K2/r7/2q5 w - - 0 1,0.5
8/6pp/7k/7P/4K3/8/r7/2q5 b - - 0 1,0.5
8/6pp/8/7k/4K3/8/r7/2q5 w - - 0 1,0.5
8/6pp/8/5K1k/8/8/r7/2q5 b - - 0 1,0.5
8/6pp/8/5Kqk/8/8/r7/8 w - - 0 1,0.5
8/6pp/4K3/6qk/8/8/r7/8 b - - 0 1,0.5
8/6pp/4K3/6qk/8/8/1r6/8 w - - 0 1,0.5
8/3K2pp/8/6qk/8/8/1r6/8 b - - 0 1,0.5
8/3K2pp/8/6qk/8/8/6r1/8 w - - 0 1,0.5
4K3/6pp/8/6qk/8/8/6r1/8 b - - 0 1,0.5
4K3/6pp/8/7k/6q1/8/6r1/8 w - - 0 1,0.5
8/4K1pp/8/7k/6q1/8/6r1/8 b - - 0 1,0.5
8/4K1pp/8/6qk/8/8/6r1/8 w - - 0 1,0.5
8/5Kpp/8/6qk/8/8/6r1/8 b - - 0 1,0.5
8/5K1p/6p1/6qk/8/8/6r1/8 w - - 0 1,0.5
5K2/7p/6p1/6qk/8/8/6r1/8 b - - 0 1,0.5
5K2/7p/6p1/7k/8/4q3/6r1/8 w - - 0 1,0.5
8/6Kp/6p1/7k/8/4q3/6r1/8 b - - 0 1,0.5
8/6Kp/8/7k/6p1/4q3/6r1/8 w - - 0 1,0.5
8/7K/8/7k/6p1/4q3/6r1/8 b - - 0 1,0.5
8/7K/8/7k/8/4q1p1/6r1/8 w - - 0 1,0.5
8/6K1/8/7k/8/4q1p1/6r1/8 b - - 0 1,0.5
8/6K1/8/7k/8/6p1/6r1/4q3 w - - 0 1,0.5
8/8/5K2/7k/8/6p1/6r1/4q3 b - - 0 1,0.5
8/8/5K2/7k/8/6p1/r7/4q3 w - - 0 1,0.5
8/5K2/8/7k/8/6p1/r7/4q3 b - - 0 1,0.5
8/5K2/8/7k/8/8/r5p1/4q3 w - - 0 1,0.5
8/8/5K2/7k/8/8/r5p1/4q3 b - - 0 1,0.5
8/8/5K2/7k/8/8/r7/4q1q1 w - - 0 1,0.5
8/8/8/5K1k/8/8/r7/4q1q1 b - - 0 1,0.5
8/4q3/8/5K1k/8/8/r7/6q1 w - - 0 1,0.5
8/4q3/8/7k/5K2/8/r7/6q1 b - - 0 1,0.5
8/4q1q1/8/7k/5K2/8/r7/8 w - - 0 1,0.5
8/4q1q1/8/7k/8/5K2/r7/8 b - - 0 1,0.5
8/4q3/8/7k/3q4/5K2/r7/8 w - - 0 1,0.5
8/4q3/8/7k/3q4/6K1/r7/8 b - - 0 1,0.5
8/4q3/8/7k/r2q4/6K1/8/8 w - - 0 1,0.5
8/4q3/8/7k/r2q4/5K2/8/8 b - - 0 1,0.5
8/4q3/8/7k/r7/5K2/1q6/8 w - - 0 1,0.5
8/4q3/8/7k/r7/6K1/1q6/8 b - - 0 1,0.5
8/8/8/7k/r7/6K1/1q2q3/8 w - - 0 1,0.5
8/8/8/7k/r7/7K/1q2q3/8 b - - 0 1,0.5
8/8/8/7k/r7/7K/4q3/1q6 w - - 0 1,0.5
8/8/8/7k/r7/6K1/4q3/1q6 b - - 0 1,0.5
8/8/7k/8/r7/6K1/4q3/1q6 w - - 0 1,0.5
8/8/7k/8/r7/7K/4q3/1q6 b - - 0 1,0.5
8/8/r6k/8/8/7K/4q3/1q6 w - - 0 1,0.5
8/8/r6k/8/8/6K1/4q3/1q6 b - - 0 1,0.5
8/8/r6k/8/8/6K1/2q1q3/8 w - - 0 1,0.5
8/8/r6k/8/5K2/8/2q1q3/8 b - - 0 1,0.5
8/8/r3q2k/8/5K2/8/2q5/8 w - - 0 1,0.5
8/8/r3q2k/8/8/5K2/2q5/8 b - - 0 1,0.5
8/8/r4q1k/8/8/5K2/2q5/8 w - - 0 1,0.5
8/8/r4q1k/8/6K1/8/2q5/8 b - - 0 1,0.5
8/8/5q1k/8/6K1/8/r1q5/8 w - - 0 1,0.5
8/8/5q1k/8/8/6K1/r1q5/8 b - - 0 1,0.5
8/8/4q2k/8/8/6K1/r1q5/8 w - - 0 1,0.5
8/8/4q2k/8/7K/8/r1q5/8 b - - 0 1,0.5
8/8/4q2k/r7/7K/8/2q5/8 w - - 0 1,0.5
8/8/4q2k/r7/8/6K1/2q5/8 b - - 0 1,0.5
8/7k/4q3/r7/8/6K1/2q5/8 w - - 0 1,0.5
8/7k/4q3/r7/8/5K2/2q5/8 b - - 0 1,0.5
8/7k/4q3/r7/4q3/5K2/8/8 w - - 0 1,0.5
8/7k/4q3/r7/4q3/6K1/8/8 b - - 0 1,0.5
8/7k/4q1q1/r7/8/6K1/8/8 w - - 0 1,0.5
8/7k/4q1q1/r7/8/8/7K/8 b - - 0 1,0.5
8/7k/6q1/r7/8/1q6/7K/8 w - - 0 1,0.5
8/7k/6q1/r7/8/1q6/8/7K b - - 0 1,0.5
8/7k/q7/r7/8/1q6/8/7K w - - 0 1,0.5
8/7k/q7/r7/8/1q6/8/6K1 b - - 0 1,0.5
6k1/8/q7/r7/8/1q6/8/6K1 w - - 0 1,0.5
6k1/8/q7/r7/8/1q6/5K2/8 b - - 0 1,0.5
6k1/8/q7/5r2/8/1q6/5K2/8 w - - 0 1,0.5
6k1/8/q7/5r2/8/1q6/8/6K1 b - - 0 1,0.5
6k1/8/q7/5r2/8/6q1/8/6K1 w - - 0 1,0.5
6k1/8/q7/5r2/8/6q1/8/7K b - - 0 1,0.5
